vendor_id,vendor_name,field_name,field_shape,bottom,left,right,top,doc_id,submitted_on,status,layout,manual_updated,row_id,is_there
09AWEPA4363Q1Z5,P C ENTERPRISES - NOIDA,invoiceDate,dd/dd/dddd,668,1601,1822,623,doc_1681811954242_8899999b9b8,19/04/23,1,,,,
09AWEPA4363Q1Z5,P C ENTERPRISES - NOIDA,invoiceNumber,XXX/dddd/dd-dd,619,1598,1918,570,doc_1681811954242_8899999b9b8,19/04/23,1,,,,
07AABCZ3366L1ZW,ZYDUS WELLNESS PRODUCTS LIMITED,invoiceDate,dd/dd/dddd,520,1843,1933,497,e3fe9586-d9fb-11ed-833c-7d4f4854b673,14/04/23,1,,,,
07AABCZ3366L1ZW,ZYDUS WELLNESS PRODUCTS LIMITED,invoiceNumber,dddddddddd,441,1449,1554,413,e3fe9586-d9fb-11ed-833c-7d4f4854b673,14/04/23,1,,,,
06AAACZ6808L1ZY,ZEA MAIZE PRIVATE LIMITED,invoiceDate,dd/dd/dddd,977,284,429,940,d5f8cca4-d9fb-11ed-833c-7d4f4854b673,14/04/23,1,,,,
06AAACZ6808L1ZY,ZEA MAIZE PRIVATE LIMITED,invoiceNumber,XXXXdd/ddddddddd,938,286,525,901,d5f8cca4-d9fb-11ed-833c-7d4f4854b673,14/04/23,1,,,,
06AAACZ6808L1ZY,ZEA MAIZE PRIVATE LIMITED,invoiceDate,dd/dd/dddd,983,308,452,942,cd63da84-d9fb-11ed-833c-7d4f4854b673,14/04/23,1,,,,
06AAACZ6808L1ZY,ZEA MAIZE PRIVATE LIMITED,invoiceNumber,XXXXdd/ddddddddd,942,307,550,902,cd63da84-d9fb-11ed-833c-7d4f4854b673,14/04/23,1,,,,
29AABCW1373L1ZY,WINGREENS FARMS PVT LTD,invoiceDate,dd/dd/dddd,842,2070,2196,816,c55f4814-d9fb-11ed-833c-7d4f4854b673,14/04/23,1,,,,
29AABCW1373L1ZY,WINGREENS FARMS PVT LTD,invoiceNumber,dddddddddd,842,1834,1972,816,c55f4814-d9fb-11ed-833c-7d4f4854b673,14/04/23,1,,,,
29AABCW1373L1ZY,WINGREENS FARMS PVT LTD,invoiceDate,dd/dd/dddd,553,2069,2194,529,bdc4253e-d9fb-11ed-833c-7d4f4854b673,14/04/23,1,,,,
29AABCW1373L1ZY,WINGREENS FARMS PVT LTD,invoiceNumber,dddddddddd,556,1835,1971,530,bdc4253e-d9fb-11ed-833c-7d4f4854b673,14/04/23,1,,,,
07AZYPS3696R1ZP,CARGO & LOGISTICS,invoiceDate,dd/dd/dddd,923,1892,2043,886,b2649002-d9fb-11ed-833c-7d4f4854b673,14/04/23,1,,,,
07AZYPS3696R1ZP,CARGO & LOGISTICS,invoiceNumber,XXX-dddd,929,1429,1594,885,b2649002-d9fb-11ed-833c-7d4f4854b673,14/04/23,1,,,,
07AZYPS3696R1ZP,CARGO & LOGISTICS,invoiceDate,dd/dd/dddd,920,1901,2051,877,39ff4788-d9fb-11ed-833c-7d4f4854b673,14/04/23,1,,,,
07AZYPS3696R1ZP,CARGO & LOGISTICS,invoiceNumber,XXX-dddd,918,1431,1602,876,39ff4788-d9fb-11ed-833c-7d4f4854b673,14/04/23,1,,,,
07AAACW4202F1ZS,WEIKFIELD FOODS PRIVATE LIMITED,invoiceDate,dd/dd/dddd,607,503,653,583,33067ec4-d9fb-11ed-833c-7d4f4854b673,14/04/23,1,,,,
07AAACW4202F1ZS,WEIKFIELD FOODS PRIVATE LIMITED,invoiceNumber,XXXX/dddddddd,567,502,700,544,33067ec4-d9fb-11ed-833c-7d4f4854b673,14/04/23,1,,,,
07AAACW4202F1ZS,WEIKFIELD FOODS PRIVATE LIMITED,invoiceDate,dd/dd/dddd,663,522,671,640,2b9dcc6e-d9fb-11ed-833c-7d4f4854b673,14/04/23,1,,,,
07AAACW4202F1ZS,WEIKFIELD FOODS PRIVATE LIMITED,invoiceNumber,XXXX/dddddddd,621,522,722,593,2b9dcc6e-d9fb-11ed-833c-7d4f4854b673,14/04/23,1,,,,
36AAHFV4720F1Z8,VIJAY ASSOCIATES,invoiceDate,dd/dd/dddd,232,1728,1937,186,113198d8-d9fb-11ed-833c-7d4f4854b673,14/04/23,1,,,,
36AAHFV4720F1Z8,VIJAY ASSOCIATES,invoiceNumber,XX/XXX/dddd,235,1208,1460,191,113198d8-d9fb-11ed-833c-7d4f4854b673,14/04/23,1,,,,
07AAACV2832Q1ZY,VICTORIA FOODS PRIVATE LIMITED,invoiceDate,dd/dd/dddd,1741.1599999999999,998.0622,1210.941,1710.5359999999998,0c159426-d9fb-11ed-833c-7d4f4854b673,14/04/23,1,,,,
07AAACV2832Q1ZY,VICTORIA FOODS PRIVATE LIMITED,invoiceNumber,dddddd,476.06399999999996,1066.965,1085.9904,432.912,0c159426-d9fb-11ed-833c-7d4f4854b673,14/04/23,1,,,,
29AABCV1301P1Z7,VENKATARAMANA FOOD SPECIALITIES LTD,invoiceDate,dd/dd/dddd,808,2047,2208,770,018b43b6-d9fb-11ed-833c-7d4f4854b673,14/04/23,1,,,,
29AABCV1301P1Z7,VENKATARAMANA FOOD SPECIALITIES LTD,invoiceNumber,XXX-dddd,810,1680,1845,771,018b43b6-d9fb-11ed-833c-7d4f4854b673,14/04/23,1,,,,
29AABCV1301P1Z7,VENKATARAMANA FOOD SPECIALITIES LTD,invoiceDate,dd/dd/dddd,807,2038,2196,771,fb7054a8-d9fa-11ed-833c-7d4f4854b673,14/04/23,1,,,,
29AABCV1301P1Z7,VENKATARAMANA FOOD SPECIALITIES LTD,invoiceNumber,XXX-dddd,811,1669,1835,771,fb7054a8-d9fa-11ed-833c-7d4f4854b673,14/04/23,1,,,,
29AAACV2678L2ZP,VARUN BEVERAGES LIMITED,invoiceDate,dd/dd/dddd,445,2270,2408,417,f47f3132-d9fa-11ed-833c-7d4f4854b673,14/04/23,1,,,,
29AAACV2678L2ZP,VARUN BEVERAGES LIMITED,invoiceNumber,XXdddddddddd,400,2249,2445,372,f47f3132-d9fa-11ed-833c-7d4f4854b673,14/04/23,1,,,,
29AAACV2678L2ZP,VARUN BEVERAGES LIMITED,invoiceDate,dd/dd/dddd,740,2268,2405,711,8385c66c-d9fa-11ed-833c-7d4f4854b673,14/04/23,1,,,,
29AAACV2678L2ZP,VARUN BEVERAGES LIMITED,invoiceNumber,XXdddddddddd,697,2246,2441,668,8385c66c-d9fa-11ed-833c-7d4f4854b673,14/04/23,1,,,,
08AJPPG7470C1Z3,UTKARSH TRADING COMPANY-JAIPUR,invoiceDate,dd/dd/dddd,549,1138,1328,499,7e1ce052-d9fa-11ed-833c-7d4f4854b673,14/04/23,1,,,,
08AJPPG7470C1Z3,UTKARSH TRADING COMPANY-JAIPUR,invoiceNumber,XXXXddd,535,619,781,497,7e1ce052-d9fa-11ed-833c-7d4f4854b673,14/04/23,1,,,,
08AJPPG7470C1Z3,UTKARSH TRADING COMPANY-JAIPUR,invoiceDate,dd/dd/dddd,566,1100,1300,520,79747dee-d9fa-11ed-833c-7d4f4854b673,14/04/23,1,,,,
08AJPPG7470C1Z3,UTKARSH TRADING COMPANY-JAIPUR,invoiceNumber,XXXXddd,558,546,717,516,79747dee-d9fa-11ed-833c-7d4f4854b673,14/04/23,1,,,,
,,,,,,,,,,,,,,
07AACCU3444R1ZT,URBAN RETAIL PRIVATE LIMITED,invoiceNumber,dd-dd/XXX/dddddd,706,1385,1655,670,72c6db9a-d9fa-11ed-833c-7d4f4854b673,14/04/23,1,,,,
,,,,,,,,,,,,,,
07AACCU3444R1ZT,URBAN RETAIL PRIVATE LIMITED,invoiceNumber,dd-dd/XXX/dddddd,913.2723,1356.3718000000001,1612.6319999999998,870.74,6a7204f6-d9fa-11ed-833c-7d4f4854b673,14/04/23,1,,,,
09AAGFU3432J1ZZ,UPRISING DISTRIBUTION CO,invoiceDate,dd/dd/dddd,697,1644,1864,654,624e3a92-d9fa-11ed-833c-7d4f4854b673,14/04/23,1,,,,
09AAGFU3432J1ZZ,UPRISING DISTRIBUTION CO,invoiceNumber,XXXX/dd-dd/dddd,649,1639,1987,602,624e3a92-d9fa-11ed-833c-7d4f4854b673,14/04/23,1,,,,
09AAGFU3432J1ZZ,UPRISING DISTRIBUTION CO,invoiceDate,dd/dd/dddd,686,1605,1829,643,52a0ffda-d9fa-11ed-833c-7d4f4854b673,14/04/23,1,,,,
09AAGFU3432J1ZZ,UPRISING DISTRIBUTION CO,invoiceNumber,XXXX/dd-dd/dddd,641,1603,1953,593,52a0ffda-d9fa-11ed-833c-7d4f4854b673,14/04/23,1,,,,
29AAACU6928L1ZQ,UNIBIC FOODS INDIA PVT LTD,invoiceDate,dd/dd/dddd,1121,1876,1996,1084,49eb5f66-d9fa-11ed-833c-7d4f4854b673,14/04/23,1,,,,
29AAACU6928L1ZQ,UNIBIC FOODS INDIA PVT LTD,invoiceNumber,XX/XXd/dddd/dddd,1053.995,1896.4260000000002,2140.983,1018.495,49eb5f66-d9fa-11ed-833c-7d4f4854b673,14/04/23,1,,,,
29AAACU6928L1ZQ,UNIBIC FOODS INDIA PVT LTD,invoiceDate,dd/dd/dddd,1125,1908,2031,1083,40da98a6-d9fa-11ed-833c-7d4f4854b673,14/04/23,1,,,,
,,,,,,,,,,,,,,
07AAACU8940J1Z0,Foods,invoiceDate,dd/dd/dddd,621,1992,2144,592,3b02c8f4-d9fa-11ed-833c-7d4f4854b673,14/04/23,1,,,,
07AAACU8940J1Z0,Foods,invoiceNumber,dddd/Xd/dddd,623,1573,1815,595,3b02c8f4-d9fa-11ed-833c-7d4f4854b673,14/04/23,1,,,,
07AAACU8940J1ZO,UDIT FRESH FOODS PVT LTD,invoiceDate,dd/dd/dddd,650,1785,1879,627,337eefa4-d9fa-11ed-833c-7d4f4854b673,14/04/23,1,,,,
07AAACU8940J1ZO,UDIT FRESH FOODS PVT LTD,invoiceNumber,dddd/Xd/dddd,539,1576,1757,513,337eefa4-d9fa-11ed-833c-7d4f4854b673,14/04/23,1,,,,
06AADCT3503F1ZS,TIRUPATI FOODS INDUSTRIES PVT LTD,invoiceDate,dd/dd/dddd,464,1983,2172,425,b4cd25b8-d9f9-11ed-833c-7d4f4854b673,14/04/23,1,,,,
06AADCT3503F1ZS,TIRUPATI FOODS INDUSTRIES PVT LTD,invoiceNumber,XX/dd-dd/dddd,471,1540,1791,441,b4cd25b8-d9f9-11ed-833c-7d4f4854b673,14/04/23,1,,,,
06AADCT3503F1ZS,TIRUPATI FOODS INDUSTRIES PVT LTD,invoiceDate,dd/dd/dddd,525,1983,2165,490,acb69148-d9f9-11ed-833c-7d4f4854b673,14/04/23,1,,,,
06AADCT3503F1ZS,TIRUPATI FOODS INDUSTRIES PVT LTD,invoiceNumber,XX/dd-dd/dddd,142.01250000000002,1531.8174000000001,1725.5337,115.02749999999999,acb69148-d9f9-11ed-833c-7d4f4854b673,14/04/23,1,,,,
09AAUHS8076A1ZK,TIRUPATI ENTEREPRISES,invoiceDate,dd/dd/dddd,433,1928,2097,400,a4165186-d9f9-11ed-833c-7d4f4854b673,14/04/23,1,,,,
09AAUHS8076A1ZK,TIRUPATI ENTEREPRISES,invoiceNumber,Xxx/dddd,397,1928,2061,363,a4165186-d9f9-11ed-833c-7d4f4854b673,14/04/23,1,,,,
09AAUHS8076A1ZK,TIRUPATI ENTEREPRISES,invoiceDate,dd/dd/dddd,432,1923,2095,400,9e92adc2-d9f9-11ed-833c-7d4f4854b673,14/04/23,1,,,,
09AAUHS8076A1ZK,TIRUPATI ENTEREPRISES,invoiceNumber,Xxx/dddd,395,1923,2057,362,9e92adc2-d9f9-11ed-833c-7d4f4854b673,14/04/23,1,,,,
07AADFT3025B1ZR,THE HIMALAYA DRUG COMPANY,invoiceDate,dd/dd/dddd,1797,1503,1620,1762,8bd7813a-d9f9-11ed-833c-7d4f4854b673,14/04/23,1,,,,
07AADFT3025B1ZR,THE HIMALAYA DRUG COMPANY,invoiceNumber,dddddddddd,654.8399999999999,2173.752,2309.1348,620.925,8bd7813a-d9f9-11ed-833c-7d4f4854b673,14/04/23,1,,,,
07AADFT3025B1ZR,THE HIMALAYA DRUG COMPANY,invoiceDate,dd/dd/dddd,1555,2001,2149,1518,839dc33a-d9f9-11ed-833c-7d4f4854b673,14/04/23,1,,,,
07AADFT3025B1ZR,THE HIMALAYA DRUG COMPANY,invoiceNumber,dddddddddd,638.208,2849.718,3011.1024,603.136,839dc33a-d9f9-11ed-833c-7d4f4854b673,14/04/23,1,,,,
27AACFT1774E1Z8,TEXAS CORPORATION-MUM,invoiceDate,dd/dd/dddd,210,2711,2881,176,7ec05a44-d9f9-11ed-833c-7d4f4854b673,14/04/23,1,,,,
27AACFT1774E1Z8,TEXAS CORPORATION-MUM,invoiceNumber,XXdddddd,167,2711,2895,132,7ec05a44-d9f9-11ed-833c-7d4f4854b673,14/04/23,1,,,,
27AACFT1774E1Z8,TEXAS CORPORATION-MUM,invoiceDate,dd/dd/dddd,208,2715,2886,175,7a47eee6-d9f9-11ed-833c-7d4f4854b673,14/04/23,1,,,,
27AACFT1774E1Z8,TEXAS CORPORATION-MUM,invoiceNumber,XXdddddd,166,2715,2899,130,7a47eee6-d9f9-11ed-833c-7d4f4854b673,14/04/23,1,,,,
29AABCT0602K1ZH,TATA CONSUMER PRODUCTS LTD. - FOOD,invoiceDate,dd/dd/dddd,670,1845,2040,629,6cd48f26-d9f9-11ed-833c-7d4f4854b673,14/04/23,1,,,,
29AABCT0602K1ZH,TATA CONSUMER PRODUCTS LTD. - FOOD,invoiceNumber,XXdddddddddd,621,2097,2381,575,6cd48f26-d9f9-11ed-833c-7d4f4854b673,14/04/23,1,,,,
29AABCT0602K1ZH,TATA CONSUMER PRODUCTS LTD. - FOOD,invoiceDate,dd/dd/dddd,766,1867,2051,727,f0b9b66e-d9f8-11ed-833c-7d4f4854b673,14/04/23,1,,,,
29AABCT0602K1ZH,TATA CONSUMER PRODUCTS LTD. - FOOD,invoiceNumber,XXdddddddddd,724,2094,2352,682,f0b9b66e-d9f8-11ed-833c-7d4f4854b673,14/04/23,1,,,,
29AABCT0602K1ZH,TATA CONSUMER PRODUCTS LTD. - FOOD,invoiceDate,dd/dd/dddd,1961,604,742,1925,cc625eb0-d9f8-11ed-833c-7d4f4854b673,14/04/23,1,,,,
29AABCT0602K1ZH,TATA CONSUMER PRODUCTS LTD. - FOOD,invoiceNumber,XXdddddddddd,809,2147,2386,764,cc625eb0-d9f8-11ed-833c-7d4f4854b673,14/04/23,1,,,,
09AAOCS7543R1Z7,SUNSHINE VEGETABLES PRIVATE LIMITED,invoiceDate,dd/dd/dddd,379,1722,1911,335,c53b9bd8-d9f8-11ed-833c-7d4f4854b673,14/04/23,1,,,,
09AAOCS7543R1Z7,SUNSHINE VEGETABLES PRIVATE LIMITED,invoiceNumber,Xxx/dddd-dd/dddd,393,1292,1603,339,c53b9bd8-d9f8-11ed-833c-7d4f4854b673,14/04/23,1,,,,
09AAOCS7543R1Z7,SUNSHINE VEGETABLES PRIVATE LIMITED,invoiceDate,dd/dd/dddd,414,1677,1868,367,bf9b59e8-d9f8-11ed-833c-7d4f4854b673,14/04/23,1,,,,
09AAOCS7543R1Z7,SUNSHINE VEGETABLES PRIVATE LIMITED,invoiceNumber,Xxx/dddd-dd/dddd,410,1243,1554,355,bf9b59e8-d9f8-11ed-833c-7d4f4854b673,14/04/23,1,,,,
29AADCS0655F1ZE,SUGUNA FOODS PRIVATE LIMITED,invoiceDate,dd/dd/dddd,218,1694,1881,176,b36304e6-d9f8-11ed-833c-7d4f4854b673,14/04/23,1,,,,
29AADCS0655F1ZE,SUGUNA FOODS PRIVATE LIMITED,invoiceNumber,XXXXXXdd/ddddd,169,1687,1933,132,b36304e6-d9f8-11ed-833c-7d4f4854b673,14/04/23,1,,,,
07AAACS2018R1Z5,SUBHASH SALES PVT LTD,invoiceDate,dd/dd/dddd,273,1749,1983,229,acfa8200-d9f8-11ed-833c-7d4f4854b673,14/04/23,1,,,,
07AAACS2018R1Z5,SUBHASH SALES PVT LTD,invoiceNumber,dddd,266,1246,1335,228,acfa8200-d9f8-11ed-833c-7d4f4854b673,14/04/23,1,,,,
07AAACS2018R1Z5,SUBHASH SALES PVT LTD,invoiceDate,dd/dd/dddd,268,1626,1840,221,a4fc944e-d9f8-11ed-833c-7d4f4854b673,14/04/23,1,,,,
07AAACS2018R1Z5,SUBHASH SALES PVT LTD,invoiceNumber,dddd,270,1135,1227,230,a4fc944e-d9f8-11ed-833c-7d4f4854b673,14/04/23,1,,,,
07AAHCS9571J1ZQ,SRESTA NATURAL BIOPRODUCTS PRIVATE LIMITED,invoiceDate,dd/dd/dddd,803,1938,2105,768,91125a04-d9f8-11ed-833c-7d4f4854b673,14/04/23,1,,,,
07AAHCS9571J1ZQ,SRESTA NATURAL BIOPRODUCTS PRIVATE LIMITED,invoiceNumber,XXXXXdddd-ddddd,861,1935,2293,824,91125a04-d9f8-11ed-833c-7d4f4854b673,14/04/23,1,,,,
05ACGFS0370M1Z0,SPT FOODS,invoiceDate,dd/dd/dddd,952,1976,2113,924,894d7a7e-d9f8-11ed-833c-7d4f4854b673,14/04/23,1,,,,
05ACGFS0370M1Z0,SPT FOODS,invoiceNumber,XX/X/dd-dd/dddd,953,1616,1870,927,894d7a7e-d9f8-11ed-833c-7d4f4854b673,14/04/23,1,,,,
05ACGFS0370M1Z0,SPT FOODS,invoiceDate,dd/dd/dddd,931,1963,2098,903,174140c8-d9f8-11ed-833c-7d4f4854b673,14/04/23,1,,,,
05ACGFS0370M1Z0,SPT FOODS,invoiceNumber,XX/X/dd-dd/dddd,929,1600,1856,904,174140c8-d9f8-11ed-833c-7d4f4854b673,14/04/23,1,,,,
29AAVCS4669R1ZT,Sproutlife Foods Private Limited,invoiceDate,dd/dd/dddd,854,1913,2057,826,0fa32ce6-d9f8-11ed-833c-7d4f4854b673,14/04/23,1,,,,
29AAVCS4669R1ZT,Sproutlife Foods Private Limited,invoiceNumber,XXXXXXdddddddddd,857,1480,1838,820,0fa32ce6-d9f8-11ed-833c-7d4f4854b673,14/04/23,1,,,,
29AAVCS4669R1ZT,Sproutlife Foods Private Limited,invoiceDate,dd/dd/dddd,937,2003,2137,911,08ba6656-d9f8-11ed-833c-7d4f4854b673,14/04/23,1,,,,
29AAVCS4669R1ZT,Sproutlife Foods Private Limited,invoiceNumber,XXXXXXdddddddddd,941,1592,1926,912,08ba6656-d9f8-11ed-833c-7d4f4854b673,14/04/23,1,,,,
29ABACS8927L1ZN,SOURCE DOCK PVT LTD,invoiceDate,dd/dd/dddd,604,434,556,571,020667b0-d9f8-11ed-833c-7d4f4854b673,14/04/23,1,,,,
29ABACS8927L1ZN,SOURCE DOCK PVT LTD,invoiceNumber,XX/XX-dddd/ddddd,529,435,678,490,020667b0-d9f8-11ed-833c-7d4f4854b673,14/04/23,1,,,,
29ABACS8927L1ZN,SOURCE DOCK PVT LTD,invoiceDate,dd/dd/dddd,620,429,555,587,fad34e36-d9f7-11ed-833c-7d4f4854b673,14/04/23,1,,,,
29ABACS8927L1ZN,SOURCE DOCK PVT LTD,invoiceNumber,XX/XX-dddd/ddddd,544,429,679,508,fad34e36-d9f7-11ed-833c-7d4f4854b673,14/04/23,1,,,,
19AAKFS6806J1ZO,SINGHANIA & COMPANY - KOLKATA,invoiceDate,dd/dd/dddd,588,1964,2125,550,e76b7134-d9f7-11ed-833c-7d4f4854b673,14/04/23,1,,,,
19AAKFS6806J1ZO,SINGHANIA & COMPANY - KOLKATA,invoiceNumber,XX/dddd/dd-dd,585,1522,1717,554,e76b7134-d9f7-11ed-833c-7d4f4854b673,14/04/23,1,,,,
19AAKFS6806J1ZO,SINGHANIA & COMPANY - KOLKATA,invoiceDate,dd/dd/dddd,639,1976,2141,606,df4aebec-d9f7-11ed-833c-7d4f4854b673,14/04/23,1,,,,
19AAKFS6806J1ZO,SINGHANIA & COMPANY - KOLKATA,invoiceNumber,XX/dddd/dd-dd,637,1541,1813,608,df4aebec-d9f7-11ed-833c-7d4f4854b673,14/04/23,1,,,,
29AAYCS2415C1Z5,SHRIJRG FOOD PRODUCTS PRIVATE LIMITED,invoiceDate,dd/dd/dddd,229,1539,1712,193,da59a088-d9f7-11ed-833c-7d4f4854b673,14/04/23,1,,,,
29AAYCS2415C1Z5,SHRIJRG FOOD PRODUCTS PRIVATE LIMITED,invoiceNumber,XXX/dd-dd/XXdddd,234,1128,1450,194,da59a088-d9f7-11ed-833c-7d4f4854b673,14/04/23,1,,,,
,,,,,,,,,,,,,,
29AAYCS2415C1Z5,SHRIJRG FOOD PRODUCTS PRIVATE LIMITED,invoiceNumber,XXX/dd-dd/XXdddd,468.072,1395.6830000000002,1721.6801,426.9384,d2f0de4c-d9f7-11ed-833c-7d4f4854b673,14/04/23,1,,,,
06AAZPA7183K1Z3,SHREE SAI SALES CORPORATION - GURGAON,invoiceDate,dd/dd/dddd,646,1510,1710,603,383ccd52-d9f7-11ed-833c-7d4f4854b673,14/04/23,1,,,,
06AAZPA7183K1Z3,SHREE SAI SALES CORPORATION - GURGAON,invoiceNumber,dddd,597,1508,1599,556,383ccd52-d9f7-11ed-833c-7d4f4854b673,14/04/23,1,,,,
06AAZPA7183K1Z3,SHREE SAI SALES CORPORATION - GURGAON,invoiceDate,dd/dd/dddd,667,1512,1712,623,31db5f5a-d9f7-11ed-833c-7d4f4854b673,14/04/23,1,,,,
06AAZPA7183K1Z3,SHREE SAI SALES CORPORATION - GURGAON,invoiceNumber,dddd,622,1509,1599,577,31db5f5a-d9f7-11ed-833c-7d4f4854b673,14/04/23,1,,,,
06ABUFS2246R1Z9,SHIVAM ENTERPRISES - GURGAON,invoiceDate,dd/dd/dddd,463,464,688,425,2c108afa-d9f7-11ed-833c-7d4f4854b673,14/04/23,1,,,,
06ABUFS2246R1Z9,SHIVAM ENTERPRISES - GURGAON,invoiceNumber,XXXdddd,427.23870000000005,463.01039999999995,658.1783999999999,389.93359999999996,2c108afa-d9f7-11ed-833c-7d4f4854b673,14/04/23,1,,,,
06ABUFS2246R1Z9,SHIVAM ENTERPRISES - GURGAON,invoiceDate,dd/dd/dddd,597,498,714,553,253f1c32-d9f7-11ed-833c-7d4f4854b673,14/04/23,1,,,,
06ABUFS2246R1Z9,SHIVAM ENTERPRISES - GURGAON,invoiceNumber,XXXdddd,547,500,675,505,253f1c32-d9f7-11ed-833c-7d4f4854b673,14/04/23,1,,,,
29AAMCS8705P1ZD,SAFE HARVEST - BLR,invoiceDate,dd/dd/dddd,1111,550,713,1072,0853faac-d9f7-11ed-833c-7d4f4854b673,14/04/23,1,,,,
29AAMCS8705P1ZD,SAFE HARVEST - BLR,invoiceNumber,XXXdddd/dddd,1058,546,764,1020,0853faac-d9f7-11ed-833c-7d4f4854b673,14/04/23,1,,,,
29AAMCS8705P1ZD,SAFE HARVEST - BLR,invoiceDate,dd/dd/dddd,1154,564,726,1114,f912ff8e-d9f6-11ed-833c-7d4f4854b673,14/04/23,1,,,,
29AAMCS8705P1ZD,SAFE HARVEST - BLR,invoiceNumber,XXXdddd/dddd,1101,564,776,1064,f912ff8e-d9f6-11ed-833c-7d4f4854b673,14/04/23,1,,,,
06AADCS7820A1ZR,RSPL LIMITED,invoiceDate,dd/dd/dddd,381,2231,2310,362,f3a0f31c-d9f6-11ed-833c-7d4f4854b673,14/04/23,1,,,,
06AADCS7820A1ZR,RSPL LIMITED,invoiceNumber,XXdddddddddddd,354,2078,2198,329,f3a0f31c-d9f6-11ed-833c-7d4f4854b673,14/04/23,1,,,,
06AADCS7820A1ZR,RSPL LIMITED,invoiceDate,dd/dd/dddd,387,2290,2371,366,80ed0220-d9f6-11ed-833c-7d4f4854b673,14/04/23,1,,,,
06AADCS7820A1ZR,RSPL LIMITED,invoiceNumber,Xddddddddddddd,359,2132,2257,335,80ed0220-d9f6-11ed-833c-7d4f4854b673,14/04/23,1,,,,
06ABAFR9999Q1ZY,RKV INDUSTRIES,invoiceDate,dd/dd/dddd,327,2414,2559,297,7877e04c-d9f6-11ed-833c-7d4f4854b673,14/04/23,1,,,,
06ABAFR9999Q1ZY,RKV INDUSTRIES,invoiceNumber,dddd,323,1728,1795,295,7877e04c-d9f6-11ed-833c-7d4f4854b673,14/04/23,1,,,,
06ABAFR9999Q1ZY,RKV INDUSTRIES,invoiceDate,dd/dd/dddd,316,2435,2579,286,6a11b0fa-d9f6-11ed-833c-7d4f4854b673,14/04/23,1,,,,
06ABAFR9999Q1ZY,RKV INDUSTRIES,invoiceNumber,dddd,313,1746,1811,288,6a11b0fa-d9f6-11ed-833c-7d4f4854b673,14/04/23,1,,,,
09AAECR7456E1Z5,RISSHTA FOODS PVT LTD,invoiceDate,dd/dd/dddd,555,1615,1755,523,63b94696-d9f6-11ed-833c-7d4f4854b673,14/04/23,1,,,,
09AAECR7456E1Z5,RISSHTA FOODS PVT LTD,invoiceNumber,XXXX/XXX/ddddd,564,1248,1530,524,63b94696-d9f6-11ed-833c-7d4f4854b673,14/04/23,1,,,,
09AAECR7456E1Z5,RISSHTA FOODS PVT LTD,invoiceDate,dd/dd/dddd,585,1695,1842,553,58a432f2-d9f6-11ed-833c-7d4f4854b673,13/04/23,1,,,,
09AAECR7456E1Z5,RISSHTA FOODS PVT LTD,invoiceNumber,XXXX/XXX/ddddd,587,1319,1612,553,58a432f2-d9f6-11ed-833c-7d4f4854b673,13/04/23,1,,,,
07AIRPG4946L1ZN,,invoiceDate,dd/dd/dddd,605,1836,2010,565,526f3f80-d9f6-11ed-833c-7d4f4854b673,14/04/23,1,,,,
07AIRPG4946L1ZN,,invoiceNumber,XX/ddddd,400,1953,2134,356,526f3f80-d9f6-11ed-833c-7d4f4854b673,14/04/23,1,,,,
07AIRPG4946L1ZN,,invoiceDate,dd/dd/dddd,465,1802,1984,423,48358eca-d9f6-11ed-833c-7d4f4854b673,14/04/23,1,,,,
07AIRPG4946L1ZN,,invoiceNumber,XX/ddddd,260,1923,2108,216,48358eca-d9f6-11ed-833c-7d4f4854b673,14/04/23,1,,,,
27AABCR2655Q1ZU,RECKITT BENCKISER IND PVT LTD,invoiceDate,dd/dd/dddd,377,2081,2265,342,4336d992-d9f6-11ed-833c-7d4f4854b673,14/04/23,1,,,,
27AABCR2655Q1ZU,RECKITT BENCKISER IND PVT LTD,invoiceNumber,dddddddd,379,1682,1842,346,4336d992-d9f6-11ed-833c-7d4f4854b673,14/04/23,1,,,,
27AABCR2655Q1ZU,RECKITT BENCKISER IND PVT LTD,invoiceDate,dd/dd/dddd,359,1985,2180,319,3b451c9e-d9f6-11ed-833c-7d4f4854b673,14/04/23,1,,,,
27AABCR2655Q1ZU,RECKITT BENCKISER IND PVT LTD,invoiceNumber,dddddddd,360,1565,1736,324,3b451c9e-d9f6-11ed-833c-7d4f4854b673,14/04/23,1,,,,
29AABCR2655Q1ZQ,RECKITT BENCKISER (INDIA) PRIVATE LIMITED-HYHO,invoiceDate,dd/dd/dddd,553,1978,2150,522,2ce852f6-d9f6-11ed-833c-7d4f4854b673,14/04/23,1,,,,
29AABCR2655Q1ZQ,RECKITT BENCKISER (INDIA) PRIVATE LIMITED-HYHO,invoiceNumber,dddddddd,554,1608,1759,523,2ce852f6-d9f6-11ed-833c-7d4f4854b673,14/04/23,1,,,,
,,,,,,,,,,,,,,
03AAACT7134P1ZV,India Pvt. Ltd,invoiceNumber,XXXdd-dddddd,667,1147,1460,620,23a9334a-d9f6-11ed-833c-7d4f4854b673,14/04/23,1,,,,
,,,,,,,,,,,,,,
08AAACT7134P1ZV,READY ROTI INDIA PVT. LTD,invoiceNumber,XXXdd-dddddd,467,1264,1603,418,b09cc1b4-d9f5-11ed-833c-7d4f4854b673,14/04/23,1,,,,
06AAJCR2207E1ZR,RAYMOND CONSUMER CARE LIMITED,invoiceDate,dd/dd/dddd,1002,3052,3198,969,a6a57c96-d9f5-11ed-833c-7d4f4854b673,14/04/23,1,,,,
06AAJCR2207E1ZR,RAYMOND CONSUMER CARE LIMITED,invoiceNumber,dddddddddd,1052,2538,2701,1022,a6a57c96-d9f5-11ed-833c-7d4f4854b673,14/04/23,1,,,,
29AAGCR6808Q1ZI,,invoiceDate,dd/dd/dddd,467,1881,2021,431,95312f00-d9f5-11ed-833c-7d4f4854b673,14/04/23,1,,,,
29AAGCR6808Q1ZI,,invoiceNumber,ddddddd,520,1886,1992,486,95312f00-d9f5-11ed-833c-7d4f4854b673,14/04/23,1,,,,
29AAGCR6808Q1ZI,,invoiceDate,dd/dd/dddd,451,1868,2017,417,8f29ee62-d9f5-11ed-833c-7d4f4854b673,14/04/23,1,,,,
29AAGCR6808Q1ZI,,invoiceNumber,ddddddd,505,1879,1985,471,8f29ee62-d9f5-11ed-833c-7d4f4854b673,14/04/23,1,,,,
07AAACR9647P1ZL,RAVI FOODS PVT LTD,invoiceDate,dd/dd/dddd,480,528,656,444,8a44daec-d9f5-11ed-833c-7d4f4854b673,14/04/23,1,,,,
07AAACR9647P1ZL,RAVI FOODS PVT LTD,invoiceNumber,XX/dddd/XX/dddd,430,524,748,388,8a44daec-d9f5-11ed-833c-7d4f4854b673,14/04/23,1,,,,
07AAACR9647P1ZL,RAVI FOODS PVT LTD,invoiceDate,dd/dd/dddd,451,489,614,414,846ef8be-d9f5-11ed-833c-7d4f4854b673,14/04/23,1,,,,
07AAACR9647P1ZL,RAVI FOODS PVT LTD,invoiceNumber,XX/dddd/XX/dddd,401,485,695,364,846ef8be-d9f5-11ed-833c-7d4f4854b673,14/04/23,1,,,,
09AXBPA5886A1ZP,RAMDAFRUIT AND VEGETABLE AGRO SOCIETY,invoiceDate,dd/dd/dddd,448,1571,1754,408,7e178d32-d9f5-11ed-833c-7d4f4854b673,13/04/23,1,,,,
09AXBPA5886A1ZP,RAMDAFRUIT AND VEGETABLE AGRO SOCIETY,invoiceNumber,ddd,503,1667,1734,463,7e178d32-d9f5-11ed-833c-7d4f4854b673,13/04/23,1,,,,
09AXBPA5886A1ZP,RAMDAFRUIT AND VEGETABLE AGRO SOCIETY,invoiceDate,dd/dd/dddd,338,1942,2183,287,7728b58c-d9f5-11ed-833c-7d4f4854b673,13/04/23,1,,,,
09AXBPA5886A1ZP,RAMDAFRUIT AND VEGETABLE AGRO SOCIETY,invoiceNumber,ddd,409,2072,2154,360,7728b58c-d9f5-11ed-833c-7d4f4854b673,13/04/23,1,,,,
07AABCR9886K1ZL,RAJDHANI FLOUR MILLS LIMITED,invoiceDate,dd/dd/dddd,601,1683,1780,573,7026b8d8-d9f5-11ed-833c-7d4f4854b673,14/04/23,1,,,,
07AABCR9886K1ZL,RAJDHANI FLOUR MILLS LIMITED,invoiceNumber,XX/X/dd-dd/ddddd,462.97749999999996,1433.1000000000001,1637.1000000000001,437.09,7026b8d8-d9f5-11ed-833c-7d4f4854b673,14/04/23,1,,,,
07AABCR9886K1ZL,RAJDHANI FLOUR MILLS LIMITED,invoiceDate,dd/dd/dddd,600,1708,1805,571,6b8daa5c-d9f5-11ed-833c-7d4f4854b673,14/04/23,1,,,,
07AABCR9886K1ZL,RAJDHANI FLOUR MILLS LIMITED,invoiceNumber,dd-dd ddddd,464,1515,1670,438,6b8daa5c-d9f5-11ed-833c-7d4f4854b673,14/04/23,1,,,,
06AGFPR1480A1ZR,RAHEJA ENTERPRISES,invoiceDate,dd/dd/dddd,364,2990,3220,317,602ca514-d9f5-11ed-833c-7d4f4854b673,14/04/23,1,,,,
06AGFPR1480A1ZR,RAHEJA ENTERPRISES,invoiceNumber,XX-dd-dddd,291,2987,3211,249,602ca514-d9f5-11ed-833c-7d4f4854b673,14/04/23,1,,,,
06AGFPR1480A1ZR,RAHEJA ENTERPRISES,invoiceDate,dd/dd/dddd,329,3066,3294,285,e9bbd4e0-d9f4-11ed-833c-7d4f4854b673,14/04/23,1,,,,
06AGFPR1480A1ZR,RAHEJA ENTERPRISES,invoiceNumber,XX-dd-dddd,264,3062,3290,216,e9bbd4e0-d9f4-11ed-833c-7d4f4854b673,14/04/23,1,,,,
07AIRPG4946L1ZN,,invoiceDate,dd/dd/dddd,435,1711,1878,392,e35fdcea-d9f4-11ed-833c-7d4f4854b673,14/04/23,1,,,,
07AIRPG4946L1ZN,,invoiceNumber,XX/ddddd,237,1822,1991,196,e35fdcea-d9f4-11ed-833c-7d4f4854b673,14/04/23,1,,,,
07AIRPG4946L1ZN,,invoiceDate,dd/dd/dddd,410,1612,1765,370,dd15b648-d9f4-11ed-833c-7d4f4854b673,14/04/23,1,,,,
07AIRPG4946L1ZN,,invoiceNumber,XX/ddddd,217,1716,1872,179,dd15b648-d9f4-11ed-833c-7d4f4854b673,14/04/23,1,,,,
27AAHCP3973D1ZA,PUREPLAY SKIN SCIENCES INDIA PRIVATE LIMITED,invoiceDate,dd/dd/dddd,1243,1977,2123,1220,d65105ce-d9f4-11ed-833c-7d4f4854b673,14/04/23,1,,,,
27AAHCP3973D1ZA,PUREPLAY SKIN SCIENCES INDIA PRIVATE LIMITED,invoiceNumber,ddddddddd,1243,1579,1705,1220,d65105ce-d9f4-11ed-833c-7d4f4854b673,14/04/23,1,,,,
27AAHCP3973D1ZA,PUREPLAY SKIN SCIENCES INDIA PRIVATE LIMITED,invoiceDate,dd/dd/dddd,1203,1958,2106,1177,ce763fa4-d9f4-11ed-833c-7d4f4854b673,14/04/23,1,,,,
27AAHCP3973D1ZA,PUREPLAY SKIN SCIENCES INDIA PRIVATE LIMITED,invoiceNumber,ddddddddd,1202,1547,1674,1177,ce763fa4-d9f4-11ed-833c-7d4f4854b673,14/04/23,1,,,,
19AKAPP8902G1Z1,PUJA MARKETING- KOL,invoiceDate,dd/dd/dddd,658,1869,2040,615,c8cff3d8-d9f4-11ed-833c-7d4f4854b673,14/04/23,1,,,,
19AKAPP8902G1Z1,PUJA MARKETING- KOL,invoiceNumber,XXX/dddd/dd-dd,656,1397,1709,613,c8cff3d8-d9f4-11ed-833c-7d4f4854b673,14/04/23,1,,,,
19AKAPP8902G1Z1,PUJA MARKETING- KOL,invoiceDate,dd/dd/dddd,654,1860,2028,616,c1e01684-d9f4-11ed-833c-7d4f4854b673,14/04/23,1,,,,
19AKAPP8902G1Z1,PUJA MARKETING- KOL,invoiceNumber,XXX/dddd/dd-dd,654,1385,1696,614,c1e01684-d9f4-11ed-833c-7d4f4854b673,14/04/23,1,,,,
06AARFP6846N1ZB,PRABHU & SONS FOODS TRADERS LLP,invoiceDate,dd/dd/dddd,664,2000,2187,638,bd3ab71a-d9f4-11ed-833c-7d4f4854b673,14/04/23,1,,,,
06AARFP6846N1ZB,PRABHU & SONS FOODS TRADERS LLP,invoiceNumber,XXXX/dd-dd/dddd,463,1528,1744,435,bd3ab71a-d9f4-11ed-833c-7d4f4854b673,14/04/23,1,,,,
06AARFP6846N1ZB,PRABHU & SONS FOODS TRADERS LLP,invoiceDate,dd/dd/dddd,516,2011,2198,488,b88b7ed4-d9f4-11ed-833c-7d4f4854b673,14/04/23,1,,,,
06AARFP6846N1ZB,PRABHU & SONS FOODS TRADERS LLP,invoiceNumber,XXXX/dd-dd/dddd,515,1540,1866,485,b88b7ed4-d9f4-11ed-833c-7d4f4854b673,14/04/23,1,,,,
07AAFCP5076M1ZX,PORTRONICS DIGITAL PRIVATE LIMITED,invoiceDate,dd/dd/dddd,921,2024,2163,897,b0489a5e-d9f4-11ed-833c-7d4f4854b673,14/04/23,1,,,,
07AAFCP5076M1ZX,PORTRONICS DIGITAL PRIVATE LIMITED,invoiceNumber,XX.dddXXddddddddd,888,2022,2273,862,b0489a5e-d9f4-11ed-833c-7d4f4854b673,14/04/23,1,,,,
07AAFCP5076M1ZX,PORTRONICS DIGITAL PRIVATE LIMITED,invoiceDate,dd/dd/dddd,870,1969,2106,842,9de7faf8-d9f4-11ed-833c-7d4f4854b673,14/04/23,1,,,,
07AAFCP5076M1ZX,PORTRONICS DIGITAL PRIVATE LIMITED,invoiceNumber,XX.dddXXddddddddd,838,1961,2220,809,9de7faf8-d9f4-11ed-833c-7d4f4854b673,14/04/23,1,,,,
09ADNPB9247N1ZV,POORVI PHARMACEUTICALS - LKO,invoiceDate,dd/dd/dddd,659,2113,2345,613,9875f002-d9f4-11ed-833c-7d4f4854b673,14/04/23,1,,,,
09ADNPB9247N1ZV,POORVI PHARMACEUTICALS - LKO,invoiceNumber,XXXddddd,654,1576,1797,611,9875f002-d9f4-11ed-833c-7d4f4854b673,14/04/23,1,,,,
09ADNPB9247N1ZV,POORVI PHARMACEUTICALS - LKO,invoiceDate,dd/dd/dddd,644,2174,2393,605,27933e1c-d9f4-11ed-833c-7d4f4854b673,14/04/23,1,,,,
09ADNPB9247N1ZV,POORVI PHARMACEUTICALS - LKO,invoiceNumber,XXXddddd,640,1671,1880,600,27933e1c-d9f4-11ed-833c-7d4f4854b673,14/04/23,1,,,,
26AAACP7373E1ZE,,invoiceDate,dd/dd/dddd,1150,1158,1318,1115,222421da-d9f4-11ed-833c-7d4f4854b673,14/04/23,1,,,,
26AAACP7373E1ZE,,invoiceNumber,XXXX-dddd-ddddd,1148,413,667,1113,222421da-d9f4-11ed-833c-7d4f4854b673,14/04/23,1,,,,
26AAACP7373E1ZF,POLYSET PLASTIC PVT.LTD,invoiceDate,dd/dd/dddd,1154,1181,1340,1122,1a9c2a7a-d9f4-11ed-833c-7d4f4854b673,14/04/23,1,,,,
26AAACP7373E1ZF,POLYSET PLASTIC PVT.LTD,invoiceNumber,XXXX-dddd-ddddd,1162,433,686,1125,1a9c2a7a-d9f4-11ed-833c-7d4f4854b673,14/04/23,1,,,,
29AAACP4156B1ZO,PIDILITE INDUSTRIES LIMITED,invoiceDate,dd/dd/dddd,416,1181,1357,373,013c948e-d9f4-11ed-833c-7d4f4854b673,14/04/23,1,,,,
29AAACP4156B1ZO,PIDILITE INDUSTRIES LIMITED,invoiceNumber,dddddddddd,362.06874000000005,1179.8864,1375.0688,323.0865,013c948e-d9f4-11ed-833c-7d4f4854b673,14/04/23,1,,,,
06AAACP2626A1Z3,PERFETTI VAN MELLE INDIA PVT. LTD,invoiceDate,dd/dd/dddd,887,693,785,860,f0ee5f90-d9f3-11ed-833c-7d4f4854b673,14/04/23,1,,,,
06AAACP2626A1Z3,PERFETTI VAN MELLE INDIA PVT. LTD,invoiceNumber,ddddddddd,856,693,785,830,f0ee5f90-d9f3-11ed-833c-7d4f4854b673,14/04/23,1,,,,
09AAACP1272G2ZK,PEPSICO INDIA HOLDING PVT LTD- FOOD,invoiceDate,dd/dd/dddd,1244,2527,2717,1209,e88d7b56-d9f3-11ed-833c-7d4f4854b673,14/04/23,1,,,,
09AAACP1272G2ZK,PEPSICO INDIA HOLDING PVT LTD- FOOD,invoiceNumber,dddddddddd,2395,301,460,2355,e88d7b56-d9f3-11ed-833c-7d4f4854b673,14/04/23,1,,,,
09AAACP1272G2ZK,PEPSICO INDIA HOLDING PVT LTD- FOOD,invoiceDate,dd/dd/dddd,1228,2486,2654,1194,dd516e8c-d9f3-11ed-833c-7d4f4854b673,14/04/23,1,,,,
09AAACP1272G2ZK,PEPSICO INDIA HOLDING PVT LTD- FOOD,invoiceNumber,dddddddddd,1180.8272,2486.535,2674.5241,1147.748,dd516e8c-d9f3-11ed-833c-7d4f4854b673,14/04/23,1,,,,
29AAACP1272G1ZJ,PEPSICO INDIA HOLDING PVT LTD- FOOD,invoiceDate,dd/dd/dddd,1113,2452,2620,1083,d467c762-d9f3-11ed-833c-7d4f4854b673,14/04/23,1,,,,
29AAACP1272G1ZJ,PEPSICO INDIA HOLDING PVT LTD- FOOD,invoiceNumber,dddddddddd,1068.136,2456.2999999999997,2640.1715999999997,1037.8799999999999,d467c762-d9f3-11ed-833c-7d4f4854b673,14/04/23,1,,,,
29AAACP1272G1ZJ,PEPSICO INDIA HOLDING PVT LTD- FOOD,invoiceDate,dd/dd/dddd,1067,2428,2588,1037,ccd99c00-d9f3-11ed-833c-7d4f4854b673,14/04/23,1,,,,
29AAACP1272G1ZJ,PEPSICO INDIA HOLDING PVT LTD- FOOD,invoiceNumber,dddddddddd,1021.76,2428.2279999999996,2603.678,994.48,ccd99c00-d9f3-11ed-833c-7d4f4854b673,14/04/23,1,,,,
06AAACR2892L1Z2,PATANJALI FOODS LIMITED,invoiceDate,dd/dd/dddd,2480,1777,2079,2418,c56a3880-d9f3-11ed-833c-7d4f4854b673,14/04/23,1,,,,
06AAACR2892L1Z2,PATANJALI FOODS LIMITED,invoiceNumber,dddddddddd,550.0758,415.9594,574.7972,516.9223999999999,c56a3880-d9f3-11ed-833c-7d4f4854b673,14/04/23,1,,,,
,,,,,,,,,,,,,,
06AAACR2892L1Z2,PATANJALI FOODS LIMITED,invoiceNumber,dddddddddd,457,352,526,429,5456508e-d9f3-11ed-833c-7d4f4854b673,14/04/23,1,,,,
07AGWPA7175Q1ZG,DELHI-PANSARI INDUSTRIES,invoiceDate,dd/dd/dddd,579,1968,2171,539,1648b282-d9f3-11ed-833c-7d4f4854b673,14/04/23,1,,,,
07AGWPA7175Q1ZG,DELHI-PANSARI INDUSTRIES,invoiceNumber,dddd-dd/ddddd,527,1967,2242,487,1648b282-d9f3-11ed-833c-7d4f4854b673,14/04/23,1,,,,
09AWEPA4363Q1Z5,P C ENTERPRISES - NOIDA,invoiceDate,dd/dd/dddd,692,1630,1851,649,0ffddfd8-d9f3-11ed-833c-7d4f4854b673,14/04/23,1,,,,
09AWEPA4363Q1Z5,P C ENTERPRISES - NOIDA,invoiceNumber,XXX/dddd/dd-dd,646,1628,1942,597,0ffddfd8-d9f3-11ed-833c-7d4f4854b673,14/04/23,1,,,,
07AACCO8695A1ZB,ORGANICUT FRESH PRIVATE LIMITED,invoiceDate,dd/dd/dddd,750,896,1059,712,f937cbba-d9f2-11ed-833c-7d4f4854b673,14/04/23,1,,,,
07AACCO8695A1ZB,ORGANICUT FRESH PRIVATE LIMITED,invoiceNumber,dddddd,748,526,632,712,f937cbba-d9f2-11ed-833c-7d4f4854b673,14/04/23,1,,,,
07AACCO8695A1ZB,ORGANICUT FRESH PRIVATE LIMITED,invoiceDate,dd/dd/dddd,1025,894,1061,982,f41e9c4e-d9f2-11ed-833c-7d4f4854b673,14/04/23,1,,,,
07AACCO8695A1ZB,ORGANICUT FRESH PRIVATE LIMITED,invoiceNumber,dddddd,1029.1284,520.0,626.25,993.9084,f41e9c4e-d9f2-11ed-833c-7d4f4854b673,14/04/23,1,,,,
07AAACI5675E1ZL,ORGANIC INDIA PRIVATE LIMITED,invoiceDate,dd/dd/dddd,261,1179,1339,235,ebe33d78-d9f2-11ed-833c-7d4f4854b673,14/04/23,1,,,,
07AAACI5675E1ZL,ORGANIC INDIA PRIVATE LIMITED,invoiceNumber,XXdddddddddd,228,1200,1418,200,ebe33d78-d9f2-11ed-833c-7d4f4854b673,14/04/23,1,,,,
07AAACI5675E1ZL,ORGANIC INDIA PRIVATE LIMITED,invoiceDate,dd/dd/dddd,311,1209,1383,272,e4e4b65a-d9f2-11ed-833c-7d4f4854b673,14/04/23,1,,,,
07AAACI5675E1ZL,ORGANIC INDIA PRIVATE LIMITED,invoiceNumber,XXdddddddddd,269,1231,1464,234,e4e4b65a-d9f2-11ed-833c-7d4f4854b673,14/04/23,1,,,,
24AAHCN0709M1ZF,NOVASATUM FOODS PRIVATE LIMITED,invoiceDate,dd/dd/dddd,651,1884,2041,621,66d3f604-d9f2-11ed-833c-7d4f4854b673,14/04/23,1,,,,
24AAHCN0709M1ZF,NOVASATUM FOODS PRIVATE LIMITED,invoiceNumber,XXXXdddd-ddddd,651,1488,1789,621,66d3f604-d9f2-11ed-833c-7d4f4854b673,14/04/23,1,,,,
24AAHCN0709M1ZF,NOVASATUM FOODS PRIVATE LIMITED,invoiceDate,dd/dd/dddd,648,1941,2101,617,599a5410-d9f2-11ed-833c-7d4f4854b673,14/04/23,1,,,,
24AAHCN0709M1ZF,NOVASATUM FOODS PRIVATE LIMITED,invoiceNumber,XXXXdddd-ddddd,651,1526,1846,614,599a5410-d9f2-11ed-833c-7d4f4854b673,14/04/23,1,,,,
09AAACT2012N1ZE,NOIDA-VEGA INDUSTRIES PVT LTD,invoiceDate,dd/dd/dddd,334,2165,2312,301,4d8740e8-d9f2-11ed-833c-7d4f4854b673,14/04/23,1,,,,
09AAACT2012N1ZE,NOIDA-VEGA INDUSTRIES PVT LTD,invoiceNumber,ddddd,243,2228,2299,209,4d8740e8-d9f2-11ed-833c-7d4f4854b673,14/04/23,1,,,,
09AAACT2012N1ZE,NOIDA-VEGA INDUSTRIES PVT LTD,invoiceDate,dd/dd/dddd,372,2139,2287,340,43dbae94-d9f2-11ed-833c-7d4f4854b673,14/04/23,1,,,,
09AAACT2012N1ZE,NOIDA-VEGA INDUSTRIES PVT LTD,invoiceNumber,ddddd,281,2204,2274,258,43dbae94-d9f2-11ed-833c-7d4f4854b673,14/04/23,1,,,,
09AAIFN5013A1ZQ,NIKHAR ENTERPRISES-01,invoiceDate,dd/dd/dddd,702,1973,2142,661,3d4b3432-d9f2-11ed-833c-7d4f4854b673,14/04/23,1,,,,
09AAIFN5013A1ZQ,NIKHAR ENTERPRISES-01,invoiceNumber,XXdddddddd/ddd,701.9508,1535.739,1738.4367,661.9596,3d4b3432-d9f2-11ed-833c-7d4f4854b673,14/04/23,1,,,,
09AAIFN5013A1ZQ,NIKHAR ENTERPRISES-01,invoiceDate,dd/dd/dddd,904,1995,2193,865,3862df4c-d9f2-11ed-833c-7d4f4854b673,14/04/23,1,,,,
09AAIFN5013A1ZQ,NIKHAR ENTERPRISES-01,invoiceNumber,XXdddddddd/ddd,661.7112000000001,1557.495,1761.675,624.0899999999999,3862df4c-d9f2-11ed-833c-7d4f4854b673,14/04/23,1,,,,
29AAACN0757G1ZH,NESTLE INDIA LTD DC BANGALORE,invoiceDate,dd/dd/dddd,407,3055,3194,380,256ff83e-d9f2-11ed-833c-7d4f4854b673,14/04/23,1,,,,
29AAACN0757G1ZH,NESTLE INDIA LTD DC BANGALORE,invoiceNumber,dddddddddd,405,2752,2902,380,256ff83e-d9f2-11ed-833c-7d4f4854b673,14/04/23,1,,,,
07AABCN8572G1Z9,NATURELL INDIA PRIVATE LIMITED,invoiceDate,dd/dd/dddd,441,2071,2251,411,0c0cb8be-d9f2-11ed-833c-7d4f4854b673,14/04/23,1,,,,
07AABCN8572G1Z9,NATURELL INDIA PRIVATE LIMITED,invoiceNumber,XXdddddddd,441,1668,1903,417,0c0cb8be-d9f2-11ed-833c-7d4f4854b673,14/04/23,1,,,,
07AABCN8572G1Z9,NATURELL INDIA PRIVATE LIMITED,invoiceDate,dd/dd/dddd,436,2083,2261,406,99b98512-d9f1-11ed-833c-7d4f4854b673,14/04/23,1,,,,
07AABCN8572G1Z9,NATURELL INDIA PRIVATE LIMITED,invoiceNumber,XXdddddddd,437,1692,1922,411,99b98512-d9f1-11ed-833c-7d4f4854b673,14/04/23,1,,,,
06AAMCM3300L1ZI,,invoiceDate,dd/dd/dddd,517,1886,2063,488,78fd88d2-d9f1-11ed-833c-7d4f4854b673,14/04/23,1,,,,
06AAMCM3300L1ZI,,invoiceNumber,dddd,518,1410,1488,490,78fd88d2-d9f1-11ed-833c-7d4f4854b673,14/04/23,1,,,,
06AAMCM3300L1ZI,MYRA FOILS PRIVATE LIMITED,invoiceDate,dd/dd/dddd,656,1871,2028,614,7347f5e4-d9f1-11ed-833c-7d4f4854b673,14/04/23,1,,,,
06AAMCM3300L1ZI,MYRA FOILS PRIVATE LIMITED,invoiceNumber,dddd,659,1407,1491,618,7347f5e4-d9f1-11ed-833c-7d4f4854b673,14/04/23,1,,,,
29AAACP9563A1ZD,MUMBAI-SHUBHKART INDIA PVT.LTD,invoiceDate,dd/dd/dddd,368,2636,2795,332,6a672ef4-d9f1-11ed-833c-7d4f4854b673,14/04/23,1,,,,
29AAACP9563A1ZD,MUMBAI-SHUBHKART INDIA PVT.LTD,invoiceNumber,XX/XX/dddd/ddddd,176,656,887,143,6a672ef4-d9f1-11ed-833c-7d4f4854b673,14/04/23,1,,,,
29AAACP9563A1ZD,MUMBAI-SHUBHKART INDIA PVT.LTD,invoiceDate,dd/dd/dddd,395,2667,2826,361,60f05c10-d9f1-11ed-833c-7d4f4854b673,14/04/23,1,,,,
29AAACP9563A1ZD,MUMBAI-SHUBHKART INDIA PVT.LTD,invoiceNumber,XX/XX/dddd/ddddd,210,636,879,175,60f05c10-d9f1-11ed-833c-7d4f4854b673,14/04/23,1,,,,
27AABCT4721B1ZS,MUM- CONSCIOUS FOOD,invoiceDate,dd/dd/dddd,949,1985,2159,920,54e61c2a-d9f1-11ed-833c-7d4f4854b673,14/04/23,1,,,,
27AABCT4721B1ZS,MUM- CONSCIOUS FOOD,invoiceNumber,XX-X/dd/dddd,709,1567,1755,679,54e61c2a-d9f1-11ed-833c-7d4f4854b673,14/04/23,1,,,,
,,,,,,,,,,,,,,
27AABCT4721B1ZS,MUM- CONSCIOUS FOOD,invoiceNumber,XX-X/dd/dddd,739,1508,1695,704,45a62bba-d9f1-11ed-833c-7d4f4854b673,14/04/23,1,,,,
07AAACU8940J1Z0,Foods,invoiceDate,dd/dd/dddd,687,1979,2143,649,3bc87fc6-d9f1-11ed-833c-7d4f4854b673,14/04/23,1,,,,
07AAACU8940J1Z0,Foods,invoiceNumber,dddd/Xd/dddd,686,1544,1745,653,3bc87fc6-d9f1-11ed-833c-7d4f4854b673,14/04/23,1,,,,
07AAACU8940J1Z0,Foods,invoiceDate,dd/dd/dddd,728,2015,2173,704,34da0ee6-d9f1-11ed-833c-7d4f4854b673,14/04/23,1,,,,
07AAACU8940J1Z0,Foods,invoiceNumber,dddd/Xd/dddd,552,1571,1772,524,34da0ee6-d9f1-11ed-833c-7d4f4854b673,14/04/23,1,,,,
09AABCM9495K1ZP,MRS. BECTORS FOOD SPECIALITIES LTD,invoiceDate,dd/dd/dddd,621,330,464,590,ae20e136-d9f0-11ed-833c-7d4f4854b673,14/04/23,1,,,,
09AABCM9495K1ZP,MRS. BECTORS FOOD SPECIALITIES LTD,invoiceNumber,dddddddddd,573,332,478,536,ae20e136-d9f0-11ed-833c-7d4f4854b673,14/04/23,1,,,,
09AACCM3174A1ZT,MOTHER DAIRY FRUITS & VEGETABLE PVT LTD-DAIRY,invoiceDate,dd/dd/dddd,1437,2519,2694,1410,a7974b0c-d9f0-11ed-833c-7d4f4854b673,14/04/23,1,,,,
09AACCM3174A1ZT,MOTHER DAIRY FRUITS & VEGETABLE PVT LTD-DAIRY,invoiceNumber,dddddddddd,1394.16,2290.1488,2464.6295999999998,1370.0448,a7974b0c-d9f0-11ed-833c-7d4f4854b673,14/04/23,1,,,,
09AACCM3174A1ZT,MOTHER DAIRY FRUITS & VEGETABLE PVT LTD-DAIRY,invoiceDate,dd/dd/dddd,1432,2398,2568,1406,9e822848-d9f0-11ed-833c-7d4f4854b673,14/04/23,1,,,,
09AACCM3174A1ZT,MOTHER DAIRY FRUITS & VEGETABLE PVT LTD-DAIRY,invoiceNumber,dddddddddd,1389.1797000000001,2169.3788999999997,2341.9230000000002,1365.66,9e822848-d9f0-11ed-833c-7d4f4854b673,14/04/23,1,,,,
29AAACC0460H1ZY,MONDELEZ INDIA FOODS PRIVATE LIMITED,invoiceDate,dd/dd/dddd,1413,1732,1925,1368,9280ae98-d9f0-11ed-833c-7d4f4854b673,14/04/23,1,,,,
29AAACC0460H1ZY,MONDELEZ INDIA FOODS PRIVATE LIMITED,invoiceNumber,dddddddddddd,1341,1736,1988,1299,9280ae98-d9f0-11ed-833c-7d4f4854b673,14/04/23,1,,,,
29AAACC0460H1ZY,MONDELEZ INDIA FOODS PRIVATE LIMITED,invoiceDate,dd/dd/dddd,1473,1761,1952,1430,80a51fa6-d9f0-11ed-833c-7d4f4854b673,14/04/23,1,,,,
29AAACC0460H1ZY,MONDELEZ INDIA FOODS PRIVATE LIMITED,invoiceNumber,dddddddddddd,1408,1762,2015,1363,80a51fa6-d9f0-11ed-833c-7d4f4854b673,14/04/23,1,,,,
09AAMCM2376C1ZD,MMX FOODS PRIVATE LIMITED - FRESH,invoiceDate,dd/dd/dddd,799,420,626,761,682e38cc-d9f0-11ed-833c-7d4f4854b673,14/04/23,1,,,,
09AAMCM2376C1ZD,MMX FOODS PRIVATE LIMITED - FRESH,invoiceNumber,XXX/X/dd-dd/dddd,764,414,770,724,682e38cc-d9f0-11ed-833c-7d4f4854b673,14/04/23,1,,,,
29AAICM0814H1ZI,MIMANSA INDUSTRIES PRIVATE LIMITED,invoiceDate,dd/dd/dddd,900,2077,2149,869,5fddce62-d9f0-11ed-833c-7d4f4854b673,14/04/23,1,,,,
29AAICM0814H1ZI,MIMANSA INDUSTRIES PRIVATE LIMITED,invoiceNumber,ddXXXdddddddd,682,2079,2297,646,5fddce62-d9f0-11ed-833c-7d4f4854b673,14/04/23,1,,,,
29AAICM0814H1ZI,MIMANSA INDUSTRIES PRIVATE LIMITED,invoiceDate,dd/dd/dddd,895,2089,2164,861,57531464-d9f0-11ed-833c-7d4f4854b673,14/04/23,1,,,,
29AAICM0814H1ZI,MIMANSA INDUSTRIES PRIVATE LIMITED,invoiceNumber,ddXXXdddddddd,678,2093,2312,640,57531464-d9f0-11ed-833c-7d4f4854b673,14/04/23,1,,,,
07AAHCM8846N1ZO,MEHROTRA CONSUMER PRODUCTS PRIVATE LIMITED,invoiceDate,dd/dd/dddd,569,1802,1970,543,4eca8a52-d9f0-11ed-833c-7d4f4854b673,14/04/23,1,,,,
07AAHCM8846N1ZO,MEHROTRA CONSUMER PRODUCTS PRIVATE LIMITED,invoiceNumber,X/XX/dd-dd/ddddd,531,1800,2061,504,4eca8a52-d9f0-11ed-833c-7d4f4854b673,14/04/23,1,,,,
07AAHCM8846N1ZO,MEHROTRA CONSUMER PRODUCTS PRIVATE LIMITED,invoiceDate,dd/dd/dddd,512,1721,1888,485,da08f30c-d9ef-11ed-833c-7d4f4854b673,14/04/23,1,,,,
07AAHCM8846N1ZO,MEHROTRA CONSUMER PRODUCTS PRIVATE LIMITED,invoiceNumber,X/XX/dd-dd/ddddd,473,1720,1976,445,da08f30c-d9ef-11ed-833c-7d4f4854b673,14/04/23,1,,,,
19AGDPB0831H1ZV,MAYURI MARKETING - KOLKATA,invoiceDate,dd/dd/dddd,243,2274,2385,215,d43adbf2-d9ef-11ed-833c-7d4f4854b673,14/04/23,1,,,,
19AGDPB0831H1ZV,MAYURI MARKETING - KOLKATA,invoiceNumber,XX/dddd/dd/X,226,367,508,205,d43adbf2-d9ef-11ed-833c-7d4f4854b673,14/04/23,1,,,,
19AGDPB0831H1ZV,MAYURI MARKETING - KOLKATA,invoiceDate,dd/dd/dddd,194,2230,2338,165,cd522d54-d9ef-11ed-833c-7d4f4854b673,14/04/23,1,,,,
19AGDPB0831H1ZV,MAYURI MARKETING - KOLKATA,invoiceNumber,XX/dddd/dd/X,186,323,465,159,cd522d54-d9ef-11ed-833c-7d4f4854b673,14/04/23,1,,,,
,,,,,,,,,,,,,,
,,,,,,,,,,,,,,
,,,,,,,,,,,,,,
,,,,,,,,,,,,,,
06AAACM7493G1ZB,MARICO LTD,invoiceDate,dd/dd/dddd,1325,466,596,1285,b6a471d4-d9ef-11ed-833c-7d4f4854b673,14/04/23,1,,,,
06AAACM7493G1ZB,MARICO LTD,invoiceNumber,dddddddddd,1321,259,403,1289,b6a471d4-d9ef-11ed-833c-7d4f4854b673,14/04/23,1,,,,
06AAACM7493G1ZB,MARICO LTD,invoiceDate,dd/dd/dddd,1250,460,580,1222,abd3fd92-d9ef-11ed-833c-7d4f4854b673,14/04/23,1,,,,
06AAACM7493G1ZB,MARICO LTD,invoiceNumber,dddddddddd,1254,261,397,1223,abd3fd92-d9ef-11ed-833c-7d4f4854b673,14/04/23,1,,,,
08AEOPG2988K1ZT,MANOJ SOAP AGENCY-JAIPUR,invoiceDate,dd/dd/dddd,609,1881,2067,568,a4a275e4-d9ef-11ed-833c-7d4f4854b673,14/04/23,1,,,,
08AEOPG2988K1ZT,MANOJ SOAP AGENCY-JAIPUR,invoiceNumber,XXX/dddddd,614,1480,1704,574,a4a275e4-d9ef-11ed-833c-7d4f4854b673,14/04/23,1,,,,
08AEOPG2988K1ZT,MANOJ SOAP AGENCY-JAIPUR,invoiceDate,dd/dd/dddd,621,1875,2059,576,9f78134e-d9ef-11ed-833c-7d4f4854b673,14/04/23,1,,,,
08AEOPG2988K1ZT,MANOJ SOAP AGENCY-JAIPUR,invoiceNumber,XXX/dddddd,622,1474,1702,582,9f78134e-d9ef-11ed-833c-7d4f4854b673,14/04/23,1,,,,
09ALXPM2329N1Z8,MANCHANDA AGENCIES - LKO,invoiceDate,dd/dd/dddd,556,1932,2093,515,96863d2e-d9ef-11ed-833c-7d4f4854b673,14/04/23,1,,,,
09ALXPM2329N1Z8,MANCHANDA AGENCIES - LKO,invoiceNumber,XXX/XX/dddd,565,1529,1716,529,96863d2e-d9ef-11ed-833c-7d4f4854b673,14/04/23,1,,,,
06AAICM3923H2ZH,MAHILA KHADYA SANSADHAN PVT LTD,invoiceDate,dd/dd/dddd,250,1648,1870,204,8960ccae-d9ef-11ed-833c-7d4f4854b673,14/04/23,1,,,,
06AAICM3923H2ZH,MAHILA KHADYA SANSADHAN PVT LTD,invoiceNumber,XXX/ddddd/dd-dd,253,1163,1492,204,8960ccae-d9ef-11ed-833c-7d4f4854b673,14/04/23,1,,,,
06AAICM3923H2ZH,MAHILA KHADYA SANSADHAN PVT LTD,invoiceDate,dd/dd/dddd,267,1671,1876,221,18cf986c-d9ef-11ed-833c-7d4f4854b673,14/04/23,1,,,,
06AAICM3923H2ZH,MAHILA KHADYA SANSADHAN PVT LTD,invoiceNumber,XXX/ddddd/dd-dd,266,1197,1520,218,18cf986c-d9ef-11ed-833c-7d4f4854b673,14/04/23,1,,,,
27ANDPM0524H1ZA,MAHADEV AGENCIES-MUM,invoiceDate,dd/dd/dddd,392,1422,1587,363,1204147c-d9ef-11ed-833c-7d4f4854b673,14/04/23,1,,,,
27ANDPM0524H1ZA,MAHADEV AGENCIES-MUM,invoiceNumber,XXdddddd,336,1416,1597,291,1204147c-d9ef-11ed-833c-7d4f4854b673,14/04/23,1,,,,
27ANDPM0524H1ZA,MAHADEV AGENCIES-MUM,invoiceDate,dd/dd/dddd,372,1415,1584,341,0c869470-d9ef-11ed-833c-7d4f4854b673,14/04/23,1,,,,
27ANDPM0524H1ZA,MAHADEV AGENCIES-MUM,invoiceNumber,XXdddddd,310,1413,1591,268,0c869470-d9ef-11ed-833c-7d4f4854b673,14/04/23,1,,,,
,,,,,,,,,,,,,,
09ABDFM1214E1ZR,MAGNET DISTRIBUTORS - LKO,invoiceNumber,XXXXX/dd-dd/ddd,625,1414,1563,587,0580abe8-d9ef-11ed-833c-7d4f4854b673,14/04/23,1,,,,
27AEOPJ5489C1Z5,M J SALES CORPORATION,invoiceDate,dd/dd/dddd,207,2697,2886,172,e9ff49e2-d9ee-11ed-833c-7d4f4854b673,14/04/23,1,,,,
27AEOPJ5489C1Z5,M J SALES CORPORATION,invoiceNumber,XXddddddd,159,2695,2897,123,e9ff49e2-d9ee-11ed-833c-7d4f4854b673,14/04/23,1,,,,
27AEOPJ5489C1Z5,M J SALES CORPORATION,invoiceDate,dd/dd/dddd,199,2697,2889,164,e4e6b58a-d9ee-11ed-833c-7d4f4854b673,14/04/23,1,,,,
27AEOPJ5489C1Z5,M J SALES CORPORATION,invoiceNumber,XXddddddd,149,2694,2896,115,e4e6b58a-d9ee-11ed-833c-7d4f4854b673,14/04/23,1,,,,
24AAACL0259K1ZN,LT FOODS LIMITED,invoiceDate,dd/dd/dddd,537,1872,2049,496,d5578e64-d9ee-11ed-833c-7d4f4854b673,14/04/23,1,,,,
24AAACL0259K1ZN,LT FOODS LIMITED,invoiceNumber,XXdddddddddd,541,1377,1612,498,d5578e64-d9ee-11ed-833c-7d4f4854b673,14/04/23,1,,,,
24AAACL0259K1ZN,LT FOODS LIMITED,invoiceDate,dd/dd/dddd,552,1880,2053,511,c832181c-d9ee-11ed-833c-7d4f4854b673,14/04/23,1,,,,
24AAACL0259K1ZN,LT FOODS LIMITED,invoiceNumber,XXdddddddddd,553,1386,1619,510,c832181c-d9ee-11ed-833c-7d4f4854b673,14/04/23,1,,,,
06AAACL0738K1ZL,LOREAL INDIA PRIVATE LMITED,invoiceDate,dd/dd/dddd,878,1069,1196,840,b805d244-d9ee-11ed-833c-7d4f4854b673,14/04/23,1,,,,
06AAACL0738K1ZL,LOREAL INDIA PRIVATE LMITED,invoiceNumber,XXdddddddddd,870,405,592,833,b805d244-d9ee-11ed-833c-7d4f4854b673,14/04/23,1,,,,
06AAACL0738K1ZL,LOREAL INDIA PRIVATE LMITED,invoiceDate,dd/dd/dddd,883,1016,1141,845,408357be-d9ee-11ed-833c-7d4f4854b673,14/04/23,1,,,,
06AAACL0738K1ZL,LOREAL INDIA PRIVATE LMITED,invoiceNumber,XXdddddddddd,885,405,575,847,408357be-d9ee-11ed-833c-7d4f4854b673,14/04/23,1,,,,
09AWEPA4363Q1Z5,P C ENTERPRISES - NOIDA,invoiceDate,dd/dd/dddd,692,1630,1851,649,3a583e2c-d9ee-11ed-833c-7d4f4854b673,14/04/23,1,,,,
09AWEPA4363Q1Z5,P C ENTERPRISES - NOIDA,invoiceNumber,XXX/dddd/dd-dd,646,1628,1942,597,3a583e2c-d9ee-11ed-833c-7d4f4854b673,14/04/23,1,,,,
09AWEPA4363Q1Z5,P C ENTERPRISES - NOIDA,invoiceDate,dd/dd/dddd,673,1567,1788,627,331afadc-d9ee-11ed-833c-7d4f4854b673,14/04/23,1,,,,
09AWEPA4363Q1Z5,P C ENTERPRISES - NOIDA,invoiceNumber,XXX/dddd/dd-dd,627,1566,1882,579,331afadc-d9ee-11ed-833c-7d4f4854b673,14/04/23,1,,,,
29AABCL7705P1ZX,LAL SWEETS PVT LTD,invoiceDate,dd/dd/dddd,426,1827,2035,382,2c85c1d4-d9ee-11ed-833c-7d4f4854b673,14/04/23,1,,,,
29AABCL7705P1ZX,LAL SWEETS PVT LTD,invoiceNumber,XXX/ddddd/dd-dd,423,1314,1607,382,2c85c1d4-d9ee-11ed-833c-7d4f4854b673,14/04/23,1,,,,
29AABCL7705P1ZX,LAL SWEETS PVT LTD,invoiceDate,dd/dd/dddd,467,1854,2048,425,2608895e-d9ee-11ed-833c-7d4f4854b673,14/04/23,1,,,,
29AABCL7705P1ZX,LAL SWEETS PVT LTD,invoiceNumber,XXX/ddddd/dd-dd,461,1354,1636,421,2608895e-d9ee-11ed-833c-7d4f4854b673,14/04/23,1,,,,
06AFWPJ0869D1Z7,KSHETRAPAL FOOD PRODUCTS,invoiceDate,dd/dd/dddd,254,1871,2054,215,19e867d4-d9ee-11ed-833c-7d4f4854b673,14/04/23,1,,,,
06AFWPJ0869D1Z7,KSHETRAPAL FOOD PRODUCTS,invoiceNumber,dddd,249,1394,1471,212,19e867d4-d9ee-11ed-833c-7d4f4854b673,14/04/23,1,,,,
09AADCK9219M1ZZ,KONCEPT MARKTRADE PVT. LTD,invoiceDate,dd/dd/dddd,674,986,1142,649,05d83a80-d9ee-11ed-833c-7d4f4854b673,14/04/23,1,,,,
09AADCK9219M1ZZ,KONCEPT MARKTRADE PVT. LTD,invoiceNumber,XXX/X/dd-dd/dddd,668,272,542,627,05d83a80-d9ee-11ed-833c-7d4f4854b673,14/04/23,1,,,,
09AADCK9219M1ZZ,KONCEPT MARKTRADE PVT. LTD,invoiceDate,dd/dd/dddd,680,976,1140,653,feaac606-d9ed-11ed-833c-7d4f4854b673,14/04/23,1,,,,
09AADCK9219M1ZZ,KONCEPT MARKTRADE PVT. LTD,invoiceNumber,XXX/X/dd-dd/dddd,680,265,538,639,feaac606-d9ed-11ed-833c-7d4f4854b673,14/04/23,1,,,,
06AIZPA1818M1ZW,KONARK MARKETING - GURGAON,invoiceDate,dd/dd/dddd,1192,795,1101,1116,f693b9e6-d9ed-11ed-833c-7d4f4854b673,13/04/23,1,,,,
06AIZPA1818M1ZW,KONARK MARKETING - GURGAON,invoiceNumber,XXddddd,424,1857,2033,384,f693b9e6-d9ed-11ed-833c-7d4f4854b673,13/04/23,1,,,,
19AFDPG3298N1ZW,KOLKATA - PANKAJ KUMAR GUPTA,invoiceDate,dd/dd/dddd,278,1863,2096,232,80b3aea2-d9ed-11ed-833c-7d4f4854b673,14/04/23,1,,,,
19AFDPG3298N1ZW,KOLKATA - PANKAJ KUMAR GUPTA,invoiceNumber,dd/dd/ddddd,278,1363,1595,235,80b3aea2-d9ed-11ed-833c-7d4f4854b673,14/04/23,1,,,,
19AFDPG3298N1ZW,KOLKATA - PANKAJ KUMAR GUPTA,invoiceDate,dd/dd/dddd,295,1849,2085,251,7c460086-d9ed-11ed-833c-7d4f4854b673,14/04/23,1,,,,
19AFDPG3298N1ZW,KOLKATA - PANKAJ KUMAR GUPTA,invoiceNumber,dd/dd/ddddd,297,1356,1588,251,7c460086-d9ed-11ed-833c-7d4f4854b673,14/04/23,1,,,,
24AADCK6056C1ZV,KHIMJI RAMDAS INDIA PVT LTD-AHM,invoiceDate,dd/dd/dddd,410,1757,1940,372,7594981a-d9ed-11ed-833c-7d4f4854b673,14/04/23,1,,,,
,,,,,,,,,,,,,,
24AADCK6056C1ZV,KHIMJI RAMDAS INDIA PVT LTD-AHM,invoiceDate,dd/dd/dddd,437,1805,1987,396,6ce2b9f4-d9ed-11ed-833c-7d4f4854b673,14/04/23,1,,,,
,,,,,,,,,,,,,,
19AABCK1716D1ZX,KEVENTER AGRO LIMITRD,invoiceDate,dd/dd/dddd,622,1847,2008,580,672451bc-d9ed-11ed-833c-7d4f4854b673,14/04/23,1,,,,
19AABCK1716D1ZX,KEVENTER AGRO LIMITRD,invoiceNumber,XX/X/ddddd/dddd,573.0197000000001,1845.612,2162.5704,531.2626,672451bc-d9ed-11ed-833c-7d4f4854b673,14/04/23,1,,,,
19AABCK1716D1ZX,KEVENTER AGRO LIMITRD,invoiceDate,dd/dd/dddd,625,1848,2009,583,60373950-d9ed-11ed-833c-7d4f4854b673,14/04/23,1,,,,
19AABCK1716D1ZX,KEVENTER AGRO LIMITRD,invoiceNumber,XX/X/ddddd/dddd,576.1778,1844.8668,2165.0544,533.0171,60373950-d9ed-11ed-833c-7d4f4854b673,14/04/23,1,,,,
07AAACK1748A1Z1,KELLOGG INDIA PRIVATE LIMITED,invoiceDate,dd/dd/dddd,543,2498,2602,518,549564aa-d9ed-11ed-833c-7d4f4854b673,14/04/23,1,,,,
07AAACK1748A1Z1,KELLOGG INDIA PRIVATE LIMITED,invoiceNumber,dddddddddd,510,2533,2659,485,549564aa-d9ed-11ed-833c-7d4f4854b673,14/04/23,1,,,,
07AAACK1748A1Z1,KELLOGG INDIA PRIVATE LIMITED,invoiceDate,dd/dd/dddd,529,1960,2043,504,4e3c6450-d9ed-11ed-833c-7d4f4854b673,14/04/23,1,,,,
07AAACK1748A1Z1,KELLOGG INDIA PRIVATE LIMITED,invoiceNumber,dddddddddd,490,1989,2091,465,4e3c6450-d9ed-11ed-833c-7d4f4854b673,14/04/23,1,,,,
06AODPM8035N1ZL,KARAN TRADING COMPANY - GURGAON,invoiceDate,dd/dd/dddd,696,1864,2028,657,42a3fa40-d9ed-11ed-833c-7d4f4854b673,14/04/23,1,,,,
06AODPM8035N1ZL,KARAN TRADING COMPANY - GURGAON,invoiceNumber,Xdd-dd/dddd,697,1424,1620,657,42a3fa40-d9ed-11ed-833c-7d4f4854b673,14/04/23,1,,,,
06AODPM8035N1ZL,KARAN TRADING COMPANY - GURGAON,invoiceDate,dd/dd/dddd,641,1651,1806,606,3976cf1a-d9ed-11ed-833c-7d4f4854b673,14/04/23,1,,,,
06AODPM8035N1ZL,KARAN TRADING COMPANY - GURGAON,invoiceNumber,Xdd-dd/dddd,641,1231,1420,606,3976cf1a-d9ed-11ed-833c-7d4f4854b673,14/04/23,1,,,,
09AFGPB1366M2ZB,JMD ENTREPRISES,invoiceDate,dd/dd/dddd,808,1662,1889,764,b6393afc-d9ec-11ed-833c-7d4f4854b673,14/04/23,1,,,,
09AFGPB1366M2ZB,JMD ENTREPRISES,invoiceNumber,XXXdd/dddddd,758,1662,1951,712,b6393afc-d9ec-11ed-833c-7d4f4854b673,14/04/23,1,,,,
09AFGPB1366M2ZB,JMD ENTREPRISES,invoiceDate,dd/dd/dddd,809,1653,1872,766,aff1565c-d9ec-11ed-833c-7d4f4854b673,14/04/23,1,,,,
09AFGPB1366M2ZB,JMD ENTREPRISES,invoiceNumber,XXXdd/dddddd,762,1646,1934,719,aff1565c-d9ec-11ed-833c-7d4f4854b673,14/04/23,1,,,,
09AWEPA4363Q1Z5,P C ENTERPRISES - NOIDA,invoiceDate,dd/dd/dddd,692,1630,1851,649,a9d3b5ee-d9ec-11ed-833c-7d4f4854b673,14/04/23,1,,,,
09AWEPA4363Q1Z5,P C ENTERPRISES - NOIDA,invoiceNumber,XXX/dddd/dd-dd,646,1628,1942,597,a9d3b5ee-d9ec-11ed-833c-7d4f4854b673,14/04/23,1,,,,
09AWEPA4363Q1Z5,P C ENTERPRISES - NOIDA,invoiceDate,dd/dd/dddd,673,1567,1788,627,a22740b8-d9ec-11ed-833c-7d4f4854b673,14/04/23,1,,,,
09AWEPA4363Q1Z5,P C ENTERPRISES - NOIDA,invoiceNumber,XXX/dddd/dd-dd,627,1566,1882,579,a22740b8-d9ec-11ed-833c-7d4f4854b673,14/04/23,1,,,,
09AWEPA4363Q1Z5,P C ENTERPRISES - NOIDA,invoiceDate,dd/dd/dddd,692,1630,1851,649,74aa842e-d9ec-11ed-833c-7d4f4854b673,14/04/23,1,,,,
09AWEPA4363Q1Z5,P C ENTERPRISES - NOIDA,invoiceNumber,XXX/dddd/dd-dd,646,1628,1942,597,74aa842e-d9ec-11ed-833c-7d4f4854b673,14/04/23,1,,,,
09AWEPA4363Q1Z5,P C ENTERPRISES - NOIDA,invoiceDate,dd/dd/dddd,673,1567,1788,627,02018c92-d9ec-11ed-833c-7d4f4854b673,14/04/23,1,,,,
09AWEPA4363Q1Z5,P C ENTERPRISES - NOIDA,invoiceNumber,XXX/dddd/dd-dd,627,1566,1882,579,02018c92-d9ec-11ed-833c-7d4f4854b673,14/04/23,1,,,,
06AAACI5950L1ZE,ITC LIMITED,invoiceDate,dd/dd/dddd,663,2907,3106,630,f5b49858-d9eb-11ed-833c-7d4f4854b673,14/04/23,1,,,,
06AAACI5950L1ZE,ITC LIMITED,invoiceNumber,ddddddddd,666.128,2251.3743999999997,2426.1226,630.912,f5b49858-d9eb-11ed-833c-7d4f4854b673,14/04/23,1,,,,
06AAACI5950L1ZE,ITC LIMITED,invoiceDate,dd/dd/dddd,650,2916,3115,618,ede488ae-d9eb-11ed-833c-7d4f4854b673,14/04/23,1,,,,
06AAACI5950L1ZE,ITC LIMITED,invoiceNumber,ddddddddd,649.89,2259.3815999999997,2434.4784,618.018,ede488ae-d9eb-11ed-833c-7d4f4854b673,14/04/23,1,,,,
29AAACI3503K1ZN,INDO NISSIN FOODS PVT. LTD,invoiceDate,dd/dd/dddd,261,2758,2886,234,e751f51c-d9eb-11ed-833c-7d4f4854b673,14/04/23,1,,,,
29AAACI3503K1ZN,INDO NISSIN FOODS PVT. LTD,invoiceNumber,dddddddddd,219,2756,2901,192,e751f51c-d9eb-11ed-833c-7d4f4854b673,14/04/23,1,,,,
29AAACI3503K1ZN,INDO NISSIN FOODS PVT. LTD,invoiceDate,dd/dd/dddd,261,2697,2826,235,e1763c70-d9eb-11ed-833c-7d4f4854b673,14/04/23,1,,,,
29AAACI3503K1ZN,INDO NISSIN FOODS PVT. LTD,invoiceNumber,dddddddddd,220,2695,2840,192,e1763c70-d9eb-11ed-833c-7d4f4854b673,14/04/23,1,,,,
29AAICM3930G1ZD,ID FRESH FOOD (I) PVT LTD,invoiceDate,dd/dd/dddd,695,911,1021,673,bd8456f8-d9eb-11ed-833c-7d4f4854b673,14/04/23,1,,,,
29AAICM3930G1ZD,ID FRESH FOOD (I) PVT LTD,invoiceNumber,ddddddddddd,771,908,1049,747,bd8456f8-d9eb-11ed-833c-7d4f4854b673,14/04/23,1,,,,
29AAICM3930G1ZD,ID FRESH FOOD (I) PVT LTD,invoiceDate,dd/dd/dddd,697,908,1021,675,b6af0fb2-d9eb-11ed-833c-7d4f4854b673,14/04/23,1,,,,
29AAICM3930G1ZD,ID FRESH FOOD (I) PVT LTD,invoiceNumber,ddddddddddd,771,906,1046,747,b6af0fb2-d9eb-11ed-833c-7d4f4854b673,14/04/23,1,,,,
27AADCH3292H1ZI,HW WELLNESS,invoiceDate,dd/dd/dddd,1794,436,621,1751,afd46b56-d9eb-11ed-833c-7d4f4854b673,14/04/23,1,,,,
27AADCH3292H1ZI,HW WELLNESS,invoiceNumber,dddddddddddd,1831,409,637,1790,afd46b56-d9eb-11ed-833c-7d4f4854b673,14/04/23,1,,,,
27AADCH3292H1ZI,HW WELLNESS,invoiceDate,dd/dd/dddd,1792,508,689,1752,a8ef5db4-d9eb-11ed-833c-7d4f4854b673,14/04/23,1,,,,
27AADCH3292H1ZI,HW WELLNESS,invoiceNumber,dddddddddddd,1829,480,707,1787,a8ef5db4-d9eb-11ed-833c-7d4f4854b673,14/04/23,1,,,,
06AADCH9716L1Z8,HONASA CONSUMER PRIVATE LIMITED,invoiceDate,dd/dd/dddd,551,450,585,523,9fdd77ce-d9eb-11ed-833c-7d4f4854b673,14/04/23,1,,,,
06AADCH9716L1Z8,HONASA CONSUMER PRIVATE LIMITED,invoiceNumber,dddddddddd,510,450,596,483,9fdd77ce-d9eb-11ed-833c-7d4f4854b673,14/04/23,1,,,,
06AADCH9716L1Z8,HONASA CONSUMER PRIVATE LIMITED,invoiceDate,dd/dd/dddd,683,372,493,655,2dedafd0-d9eb-11ed-833c-7d4f4854b673,14/04/23,1,,,,
06AADCH9716L1Z8,HONASA CONSUMER PRIVATE LIMITED,invoiceNumber,dddddddddd,635,370,501,608,2dedafd0-d9eb-11ed-833c-7d4f4854b673,14/04/23,1,,,,
29AAACH1004N1ZQ,Logistics,invoiceDate,dd/dd/dddd,590,2561,2712,567,266a557e-d9eb-11ed-833c-7d4f4854b673,14/04/23,1,,,,
29AAACH1004N1ZQ,Logistics,invoiceNumber,dddddddddd,186,2637,2808,154,266a557e-d9eb-11ed-833c-7d4f4854b673,14/04/23,1,,,,
24AAACH1004N1Z0,HINDUSTAN UNILEVER LIMITED,invoiceDate,dd/dd/dddd,627,2654,2821,598,19feb0a0-d9eb-11ed-833c-7d4f4854b673,14/04/23,1,,,,
24AAACH1004N1Z0,HINDUSTAN UNILEVER LIMITED,invoiceNumber,dddddddddd,182,2741,2922,155,19feb0a0-d9eb-11ed-833c-7d4f4854b673,14/04/23,1,,,,
24AABCT6106C1ZX,HERSHEY INDIA PRIVATE LIMITED,invoiceDate,dd/dd/dddd,682,909,1076,650,f586c398-d9ea-11ed-833c-7d4f4854b673,14/04/23,1,,,,
24AABCT6106C1ZX,HERSHEY INDIA PRIVATE LIMITED,invoiceNumber,XXdddddddddd,637,906,1127,604,f586c398-d9ea-11ed-833c-7d4f4854b673,14/04/23,1,,,,
36AAACH2778K1ZA,HERITAGE FOODS LIMITED,invoiceDate,dd/dd/dddd,466,2175,2350,437,e7da1718-d9ea-11ed-833c-7d4f4854b673,14/04/23,1,,,,
36AAACH2778K1ZA,HERITAGE FOODS LIMITED,invoiceNumber,dddddddddd,420,2176,2352,393,e7da1718-d9ea-11ed-833c-7d4f4854b673,14/04/23,1,,,,
06AAFCH0247Q1ZC,HEAVENLY SECRETS PRIVATE LIMITED,invoiceDate,dd/dd/dddd,706,1880,2069,667,ca907a08-d9ea-11ed-833c-7d4f4854b673,14/04/23,1,,,,
06AAFCH0247Q1ZC,HEAVENLY SECRETS PRIVATE LIMITED,invoiceNumber,X/XXX/ddd/dd-dd,707,1413,1627,668,ca907a08-d9ea-11ed-833c-7d4f4854b673,14/04/23,1,,,,
09AAFCT3795B1Z6,HEALTHY FOODS PVT LTD,invoiceDate,dd/dd/dddd,995,1935,2133,950,c489b2fa-d9ea-11ed-833c-7d4f4854b673,14/04/23,1,,,,
09AAFCT3795B1Z6,HEALTHY FOODS PVT LTD,invoiceNumber,XXX/dddd-dd/dddd,941,1930,2272,893,c489b2fa-d9ea-11ed-833c-7d4f4854b673,14/04/23,1,,,,
09AAFCT3795B1Z6,HEALTHY FOODS PVT LTD,invoiceDate,dd/dd/dddd,1003,1978,2195,960,bf49c5c8-d9ea-11ed-833c-7d4f4854b673,14/04/23,1,,,,
09AAFCT3795B1Z6,HEALTHY FOODS PVT LTD,invoiceNumber,XXX/dddd-dd/dddd,948,1975,2340,901,bf49c5c8-d9ea-11ed-833c-7d4f4854b673,14/04/23,1,,,,
29AAECN8400E1ZL,GURGAON -MODERN FOODS ENTERPRISES PVT LTD,invoiceDate,dd/dd/dddd,690,2421,2541,664,47355c1e-d9ea-11ed-833c-7d4f4854b673,14/04/23,1,,,,
29AAECN8400E1ZL,GURGAON -MODERN FOODS ENTERPRISES PVT LTD,invoiceNumber,XXXXXdddddddd,611,2414,2620,581,47355c1e-d9ea-11ed-833c-7d4f4854b673,14/04/23,1,,,,
29AAAAG5588Q1ZS,GUJARAT COOPERATIVE MILK MARKETING FEDERATION LTD,invoiceDate,dd/dd/dddd,2427,446,619,2394,335c4158-d9ea-11ed-833c-7d4f4854b673,14/04/23,1,,,,
,,,,,,,,,,,,,,
,,,,,,,,,,,,,,
,,,,,,,,,,,,,,
36AAGCG6502L1ZH,GUILTFREE INDUSTRIES LIMITED,invoiceDate,dd/dd/dddd,1520,1850,1992,1489,240e19c4-d9ea-11ed-833c-7d4f4854b673,14/04/23,1,,,,
36AAGCG6502L1ZH,GUILTFREE INDUSTRIES LIMITED,invoiceNumber,XXdddddddddd,1412,1869,2055,1376,240e19c4-d9ea-11ed-833c-7d4f4854b673,14/04/23,1,,,,
36AAGCG6502L1ZH,GUILTFREE INDUSTRIES LIMITED,invoiceDate,dd/dd/dddd,1421,1861,2011,1381,1c7f48e0-d9ea-11ed-833c-7d4f4854b673,14/04/23,1,,,,
36AAGCG6502L1ZH,GUILTFREE INDUSTRIES LIMITED,invoiceNumber,XXdddddddddd,1303.9443999999999,1880.5839999999998,2075.7599999999998,1265.3454,1c7f48e0-d9ea-11ed-833c-7d4f4854b673,14/04/23,1,,,,
06AQHPA5100C1ZS,GRAND CHEMICAL WORKS,invoiceDate,dd/dd/dddd,759,576,702,731,14328580-d9ea-11ed-833c-7d4f4854b673,14/04/23,1,,,,
06AQHPA5100C1ZS,GRAND CHEMICAL WORKS,invoiceNumber,XXXdddd-dd/Xdddd,720,571,827,693,14328580-d9ea-11ed-833c-7d4f4854b673,14/04/23,1,,,,
07AADCG1614N1ZM,GODREJ TYSON FOODS LTD,invoiceDate,dd/dd/dddd,644,2151,2273,606,07b2caae-d9ea-11ed-833c-7d4f4854b673,14/04/23,1,,,,
07AADCG1614N1ZM,GODREJ TYSON FOODS LTD,invoiceNumber,dddddddddd,648,1524,1668,611,07b2caae-d9ea-11ed-833c-7d4f4854b673,14/04/23,1,,,,
07AADCG1614N1ZM,GODREJ TYSON FOODS LTD,invoiceDate,dd/dd/dddd,657,2225,2352,621,00308000-d9ea-11ed-833c-7d4f4854b673,14/04/23,1,,,,
07AADCG1614N1ZM,GODREJ TYSON FOODS LTD,invoiceNumber,dddddddddd,659,1588,1726,623,00308000-d9ea-11ed-833c-7d4f4854b673,14/04/23,1,,,,
06AABCG3365J1ZM,GODREJ CONSUMER PRODUCTS LTD.,invoiceDate,dd/dd/dddd,220,2114,2292,175,7b733c40-d9e9-11ed-833c-7d4f4854b673,13/04/23,1,,,,
,,,,,,,,,,,,,,
07AAHFG7538A1ZK,,invoiceDate,dd/dd/dddd,443,540,766,405,761dcd00-d9e9-11ed-833c-7d4f4854b673,14/04/23,1,,,,
07AAHFG7538A1ZK,,invoiceNumber,ddddd,409,539,659,369,761dcd00-d9e9-11ed-833c-7d4f4854b673,14/04/23,1,,,,
29AAACG1345D1Z0,GITS FOOD PRODUCTS PVT LTD,invoiceDate,dd/dd/dddd,912,1121,1286,871,65c8f740-d9e9-11ed-833c-7d4f4854b673,14/04/23,1,,,,
29AAACG1345D1Z0,GITS FOOD PRODUCTS PVT LTD,invoiceNumber,XXXdddddd,908,586,752,871,65c8f740-d9e9-11ed-833c-7d4f4854b673,14/04/23,1,,,,
29AAACG1345D1Z0,GITS FOOD PRODUCTS PVT LTD,invoiceDate,dd/dd/dddd,931,1161,1316,894,55144954-d9e9-11ed-833c-7d4f4854b673,14/04/23,1,,,,
29AAACG1345D1Z0,GITS FOOD PRODUCTS PVT LTD,invoiceNumber,XXXdddddd,929,639,800,896,55144954-d9e9-11ed-833c-7d4f4854b673,14/04/23,1,,,,
29AAACG1773B1ZW,GENERAL MILLS INDIA PVT LTD,invoiceDate,dd/dd/dddd,1336,1349,1505,1297,48e69c2c-d9e9-11ed-833c-7d4f4854b673,14/04/23,1,,,,
29AAACG1773B1ZW,GENERAL MILLS INDIA PVT LTD,invoiceNumber,XXXddddd,521.997,2043.9379999999999,2198.878,488.26250000000005,48e69c2c-d9e9-11ed-833c-7d4f4854b673,14/04/23,1,,,,
29AAACG1773B1ZW,GENERAL MILLS INDIA PVT LTD,invoiceDate,dd/dd/dddd,588,2073,2228,558,4317854a-d9e9-11ed-833c-7d4f4854b673,14/04/23,1,,,,
29AAACG1773B1ZW,GENERAL MILLS INDIA PVT LTD,invoiceNumber,XXXddddd,555.0636000000001,2071.2068,2223.6805,512.8304999999999,4317854a-d9e9-11ed-833c-7d4f4854b673,14/04/23,1,,,,
09AADFG4556A1ZO,GAURI FOODS -01,invoiceDate,dd/dd/dddd,206,1870,2051,166,3d2f49f6-d9e9-11ed-833c-7d4f4854b673,14/04/23,1,,,,
09AADFG4556A1ZO,GAURI FOODS -01,invoiceNumber,ddddd,206,1455,1575,163,3d2f49f6-d9e9-11ed-833c-7d4f4854b673,14/04/23,1,,,,
09AADFG4556A1ZO,GAURI FOODS -01,invoiceDate,dd/dd/dddd,563,1871,2032,535,36b87692-d9e9-11ed-833c-7d4f4854b673,14/04/23,1,,,,
09AADFG4556A1ZO,GAURI FOODS -01,invoiceNumber,ddddd,1020.4172,1671.5200000000002,1773.9440000000002,985.3272,36b87692-d9e9-11ed-833c-7d4f4854b673,14/04/23,1,,,,
07CAVPS1631N1ZY,GANAPATI ENTERPRISES,invoiceDate,dd/dd/dddd,506,1784,2013,460,2fa3dcac-d9e9-11ed-833c-7d4f4854b673,14/04/23,1,,,,
07CAVPS1631N1ZY,GANAPATI ENTERPRISES,invoiceNumber,XX/dd-dd/XXXX-ddd,567,1718,2085,523,2fa3dcac-d9e9-11ed-833c-7d4f4854b673,14/04/23,1,,,,
07CAVPS1631N1ZY,GANAPATI ENTERPRISES,invoiceDate,dd/dd/dddd,633,1785,2010,593,28ec787e-d9e9-11ed-833c-7d4f4854b673,13/04/23,1,,,,
07CAVPS1631N1ZY,GANAPATI ENTERPRISES,invoiceNumber,XX/dd-dd/XXXX-ddd,692,1717,2078,648,28ec787e-d9e9-11ed-833c-7d4f4854b673,13/04/23,1,,,,
29AADCF7463N1ZY,FITSHIT HEALTH SOLUTIONS PRIVATE LIMITED,invoiceDate,dd/dd/dddd,794,1913,2047,766,9be3907a-d9e8-11ed-833c-7d4f4854b673,14/04/23,1,,,,
29AADCF7463N1ZY,FITSHIT HEALTH SOLUTIONS PRIVATE LIMITED,invoiceNumber,XXXXX/dd-dd/dddd,794,1510,1800,766,9be3907a-d9e8-11ed-833c-7d4f4854b673,14/04/23,1,,,,
29AADCF7463N1ZY,FITSHIT HEALTH SOLUTIONS PRIVATE LIMITED,invoiceDate,dd/dd/dddd,793,1928,2062,766,95edbfc4-d9e8-11ed-833c-7d4f4854b673,14/04/23,1,,,,
29AADCF7463N1ZY,FITSHIT HEALTH SOLUTIONS PRIVATE LIMITED,invoiceNumber,XXXXX/dd-dd/dddd,795,1523,1819,757,95edbfc4-d9e8-11ed-833c-7d4f4854b673,14/04/23,1,,,,
05AABCU2963N1Z0,FIT INDIA ORGANIC,invoiceDate,dd/dd/dddd,621,2898,3034,595,8a3fd5ea-d9e8-11ed-833c-7d4f4854b673,14/04/23,1,,,,
05AABCU2963N1Z0,FIT INDIA ORGANIC,invoiceNumber,dddd-ddd-ddddddd,620.7948,2604.232,2843.0124,592.1154,8a3fd5ea-d9e8-11ed-833c-7d4f4854b673,14/04/23,1,,,,
05AABCU2963N1Z0,FIT INDIA ORGANIC,invoiceDate,dd/dd/dddd,647,2939,3081,619,7de89c0a-d9e8-11ed-833c-7d4f4854b673,14/04/23,1,,,,
05AABCU2963N1Z0,FIT INDIA ORGANIC,invoiceNumber,dddd-ddd-ddddddd,653.037,2644.75,2891.475,615.1761,7de89c0a-d9e8-11ed-833c-7d4f4854b673,14/04/23,1,,,,
06AAACF8110B1ZC,FERRERO INDIA PVT. LTD,invoiceDate,dd/dd/dddd,524,2771,2929,489,6f3ba3fa-d9e8-11ed-833c-7d4f4854b673,14/04/23,1,,,,
06AAACF8110B1ZC,FERRERO INDIA PVT. LTD,invoiceNumber,XXdddddddddd,571,2771,2998,531,6f3ba3fa-d9e8-11ed-833c-7d4f4854b673,14/04/23,1,,,,
06AAACF8110B1ZC,FERRERO INDIA PVT. LTD,invoiceDate,dd/dd/dddd,504,2791,2944,472,5cfb367e-d9e8-11ed-833c-7d4f4854b673,14/04/23,1,,,,
06AAACF8110B1ZC,FERRERO INDIA PVT. LTD,invoiceNumber,XXdddddddddd,556.944,2789.42,3010.855,521.028,5cfb367e-d9e8-11ed-833c-7d4f4854b673,14/04/23,1,,,,
06AAMCP2038C1ZP,FARIDABAD-PICHAI HOME CARE PRIVATE LIMITED,invoiceDate,dd/dd/dddd,722,523,745,674,5638cd10-d9e8-11ed-833c-7d4f4854b673,14/04/23,1,,,,
06AAMCP2038C1ZP,FARIDABAD-PICHAI HOME CARE PRIVATE LIMITED,invoiceNumber,XXX/dddd,672,520,709,626,5638cd10-d9e8-11ed-833c-7d4f4854b673,14/04/23,1,,,,
06AAMCP2038C1ZP,FARIDABAD-PICHAI HOME CARE PRIVATE LIMITED,invoiceDate,dd/dd/dddd,729,515,739,683,4ca74f6a-d9e8-11ed-833c-7d4f4854b673,14/04/23,1,,,,
06AAMCP2038C1ZP,FARIDABAD-PICHAI HOME CARE PRIVATE LIMITED,invoiceNumber,XXX/dddd,682,515,708,638,4ca74f6a-d9e8-11ed-833c-7d4f4854b673,14/04/23,1,,,,
08AABCF1456F1ZW,FACKELAMANN INDA KITCHEWARE PVT.LTD,invoiceDate,dd/dd/dddd,1317,1787,1938,1283,d3ce721c-d9e7-11ed-833c-7d4f4854b673,14/04/23,1,,,,
08AABCF1456F1ZW,FACKELAMANN INDA KITCHEWARE PVT.LTD,invoiceNumber,XXXX-dd/dd-ddddd,1270,1789,2055,1230,d3ce721c-d9e7-11ed-833c-7d4f4854b673,14/04/23,1,,,,
08AABCF1456F1ZW,FACKELAMANN INDA KITCHEWARE PVT.LTD,invoiceDate,dd/dd/dddd,1330,1788,1939,1296,caaf5232-d9e7-11ed-833c-7d4f4854b673,14/04/23,1,,,,
08AABCF1456F1ZW,FACKELAMANN INDA KITCHEWARE PVT.LTD,invoiceNumber,XXXX-dd/dd-ddddd,1282,1790,2056,1247,caaf5232-d9e7-11ed-833c-7d4f4854b673,14/04/23,1,,,,
,,,,,,,,,,,,,,
29AAACE5778N1ZW,EVEREADY INDUSTRIES INDIA LIMITED,invoiceNumber,XXXXXXdddd/ddddd,645.789,3165.4825,3350.6499999999996,624.9975,be299c20-d9e7-11ed-833c-7d4f4854b673,14/04/23,1,,,,
,,,,,,,,,,,,,,
07AAACH7412G2ZU,EMAMI LIMITED,invoiceNumber,XXdddddddddd,353.9001,1914.0400000000002,2284.2048,295.953,9aea9a02-d9e7-11ed-833c-7d4f4854b673,14/04/23,1,,,,
07AADCE0828N1ZI,E DATA VENTURES PVT LTD,invoiceDate,dd/dd/dddd,632,1148,1272,595,95f0f4ec-d9e7-11ed-833c-7d4f4854b673,14/04/23,1,,,,
07AADCE0828N1ZI,E DATA VENTURES PVT LTD,invoiceNumber,XXddddddd,628,1526,1650,596,95f0f4ec-d9e7-11ed-833c-7d4f4854b673,14/04/23,1,,,,
07AADCE0828N1ZI,E DATA VENTURES PVT LTD,invoiceDate,dd/dd/dddd,531,1301,1435,503,907b04da-d9e7-11ed-833c-7d4f4854b673,13/04/23,1,,,,
07AADCE0828N1ZI,E DATA VENTURES PVT LTD,invoiceNumber,XXddddddd,533,1737,1872,502,907b04da-d9e7-11ed-833c-7d4f4854b673,13/04/23,1,,,,
29AAECD6959Q1ZM,DS SPICECO PRIVATE LIMITED,invoiceDate,dd/dd/dddd,871,853,1017,843,78158762-d9e7-11ed-833c-7d4f4854b673,14/04/23,1,,,,
29AAECD6959Q1ZM,DS SPICECO PRIVATE LIMITED,invoiceNumber,dddXXddddd,821,881,1049,794,78158762-d9e7-11ed-833c-7d4f4854b673,14/04/23,1,,,,
29AAECD6959Q1ZM,DS SPICECO PRIVATE LIMITED,invoiceDate,dd/dd/dddd,954,847,1004,928,6e6173ca-d9e7-11ed-833c-7d4f4854b673,14/04/23,1,,,,
29AAECD6959Q1ZM,DS SPICECO PRIVATE LIMITED,invoiceNumber,dddXXddddd,905,872,1032,877,6e6173ca-d9e7-11ed-833c-7d4f4854b673,14/04/23,1,,,,
09AAGCD8374B1ZK,DROOLS PET FOOD PRIVATE LIMITED,invoiceDate,dd/dd/dddd,603,498,676,565,fc3095ba-d9e6-11ed-833c-7d4f4854b673,13/04/23,1,,,,
09AAGCD8374B1ZK,DROOLS PET FOOD PRIVATE LIMITED,invoiceNumber,XXdddddddddd,565,492,747,522,fc3095ba-d9e6-11ed-833c-7d4f4854b673,13/04/23,1,,,,
09AAGCD8374B1ZK,DROOLS PET FOOD PRIVATE LIMITED,invoiceDate,dd/dd/dddd,730,428,595,693,f2bf5020-d9e6-11ed-833c-7d4f4854b673,14/04/23,1,,,,
09AAGCD8374B1ZK,DROOLS PET FOOD PRIVATE LIMITED,invoiceNumber,XXdddddddddd,685,425,666,639,f2bf5020-d9e6-11ed-833c-7d4f4854b673,14/04/23,1,,,,
09AWEPA4363Q1Z5,P C ENTERPRISES - NOIDA,invoiceDate,dd/dd/dddd,673,1567,1788,627,ec9e8314-d9e6-11ed-833c-7d4f4854b673,14/04/23,1,,,,
09AWEPA4363Q1Z5,P C ENTERPRISES - NOIDA,invoiceNumber,XXX/dddd/dd-dd,627,1566,1882,579,ec9e8314-d9e6-11ed-833c-7d4f4854b673,14/04/23,1,,,,
06AAACC2407L1ZY,DLECTA FOODS PVT. LTD,invoiceDate,dd/dd/dddd,362,273,421,332,de2c2b88-d9e6-11ed-833c-7d4f4854b673,14/04/23,1,,,,
06AAACC2407L1ZY,DLECTA FOODS PVT. LTD,invoiceNumber,X/XX/XXXdd/ddddd,315,262,531,283,de2c2b88-d9e6-11ed-833c-7d4f4854b673,14/04/23,1,,,,
27AABPG6512G1Z3,DILIPKUMAR NANJI & BROTHERS-MUM,invoiceDate,dd/dd/dddd,233,2602,2820,189,c86280e0-d9e6-11ed-833c-7d4f4854b673,14/04/23,1,,,,
27AABPG6512G1Z3,DILIPKUMAR NANJI & BROTHERS-MUM,invoiceNumber,XXX/Xddd,172,2601,2808,125,c86280e0-d9e6-11ed-833c-7d4f4854b673,14/04/23,1,,,,
27AABPG6512G1Z3,DILIPKUMAR NANJI & BROTHERS-MUM,invoiceDate,dd/dd/dddd,215,2585,2803,171,c3bae078-d9e6-11ed-833c-7d4f4854b673,13/04/23,1,,,,
27AABPG6512G1Z3,DILIPKUMAR NANJI & BROTHERS-MUM,invoiceNumber,XXXX/Xdddd,149,2585,2841,111,c3bae078-d9e6-11ed-833c-7d4f4854b673,13/04/23,1,,,,
07AADCB9947P1ZV,DIAT AGRO HOLDING PVT. LTD,invoiceDate,dd/dd/dddd,161,2048,2291,132,bd7b3bfe-d9e6-11ed-833c-7d4f4854b673,14/04/23,1,,,,
07AADCB9947P1ZV,DIAT AGRO HOLDING PVT. LTD,invoiceNumber,ddd,159,1665,1723,138,bd7b3bfe-d9e6-11ed-833c-7d4f4854b673,14/04/23,1,,,,
09AAACD1017B1ZG,DFM FOODS LIMITED,invoiceDate,dd/dd/dddd,640,442,587,603,42d44756-d9e6-11ed-833c-7d4f4854b673,14/04/23,1,,,,
09AAACD1017B1ZG,DFM FOODS LIMITED,invoiceNumber,ddddddddddd,635,1208,1380,597,42d44756-d9e6-11ed-833c-7d4f4854b673,14/04/23,1,,,,
08AACCD2586M1Z9,DEV MILK FOODS PRIVATE LIMITED,invoiceDate,dd/dd/dddd,652,623,844,610,33ff397a-d9e6-11ed-833c-7d4f4854b673,14/04/23,1,,,,
08AACCD2586M1Z9,DEV MILK FOODS PRIVATE LIMITED,invoiceNumber,XXX-XX/ddddd,606,622,900,559,33ff397a-d9e6-11ed-833c-7d4f4854b673,14/04/23,1,,,,
08AACCD2586M1Z9,DEV MILK FOODS PRIVATE LIMITED,invoiceDate,dd/dd/dddd,654,600,810,613,2b239260-d9e6-11ed-833c-7d4f4854b673,14/04/23,1,,,,
08AACCD2586M1Z9,DEV MILK FOODS PRIVATE LIMITED,invoiceNumber,XXX-XX/ddddd,609,596,873,564,2b239260-d9e6-11ed-833c-7d4f4854b673,14/04/23,1,,,,
23AAHCC0850A1ZF,DELHI-CONNEDIT BUSINESS SOLUTIONS PRIVATE LIMITED,invoiceDate,dd/dd/dddd,905,1058,1216,868,1e51e334-d9e6-11ed-833c-7d4f4854b673,14/04/23,1,,,,
23AAHCC0850A1ZF,DELHI-CONNEDIT BUSINESS SOLUTIONS PRIVATE LIMITED,invoiceNumber,XXXXdd/dd/ddddd,906.0587999999999,380.90250000000003,680.8725000000001,867.8979,1e51e334-d9e6-11ed-833c-7d4f4854b673,14/04/23,1,,,,
23AAHCC0850A1ZF,DELHI-CONNEDIT BUSINESS SOLUTIONS PRIVATE LIMITED,invoiceDate,dd/dd/dddd,911,1071,1228,874,1474949c-d9e6-11ed-833c-7d4f4854b673,14/04/23,1,,,,
23AAHCC0850A1ZF,DELHI-CONNEDIT BUSINESS SOLUTIONS PRIVATE LIMITED,invoiceNumber,XXXXdd/dd/ddddd,916.2117,393.19469999999995,690.8886,874.8999,1474949c-d9e6-11ed-833c-7d4f4854b673,14/04/23,1,,,,
06AAGCR9941Q2ZH,DELHI - RISHAB GLOBAL INDUSTRIES PVT LTD,invoiceDate,dd/dd/dddd,703,1962,2116,677,0e4a1290-d9e6-11ed-833c-7d4f4854b673,13/04/23,1,,,,
06AAGCR9941Q2ZH,DELHI - RISHAB GLOBAL INDUSTRIES PVT LTD,invoiceNumber,XX/dd-dd/dddd,703,1596,1829,674,0e4a1290-d9e6-11ed-833c-7d4f4854b673,13/04/23,1,,,,
06AAGCR9941Q2ZH,DELHI - RISHAB GLOBAL INDUSTRIES PVT LTD,invoiceDate,dd/dd/dddd,704,1964,2117,678,0709976c-d9e6-11ed-833c-7d4f4854b673,13/04/23,1,,,,
06AAGCR9941Q2ZH,DELHI - RISHAB GLOBAL INDUSTRIES PVT LTD,invoiceNumber,XX/dd-dd/dddd,706,1598,1829,676,0709976c-d9e6-11ed-833c-7d4f4854b673,13/04/23,1,,,,
06AADCH5038R1ZI,Foods,invoiceDate,dd/dd/dddd,645,1565,1692,613,fc62d184-d9e5-11ed-833c-7d4f4854b673,14/04/23,1,,,,
06AADCH5038R1ZI,Foods,invoiceNumber,dddddddddd,644.8817,1400.8563,1535.7393000000002,613.6831000000001,fc62d184-d9e5-11ed-833c-7d4f4854b673,14/04/23,1,,,,
,,,,,,,,,,,,,,
07AAACF8488N1ZW,DEL MONTE FOODS PRIVATE LIMITED,invoiceNumber,dddddddddd,662.0796,1519.3418,1666.0938,628.875,ef7002b2-d9e5-11ed-833c-7d4f4854b673,14/04/23,1,,,,
29AAACD0474C1Z1,DABUR INDIA LIMITED,invoiceDate,dd/dd/dddd,369,2451,2600,338,5c5c8b08-d9e5-11ed-833c-7d4f4854b673,14/04/23,1,,,,
29AAACD0474C1Z1,DABUR INDIA LIMITED,invoiceNumber,XXdddddddddd,321.957,2454.1679999999997,2652.4703999999997,293.9196,5c5c8b08-d9e5-11ed-833c-7d4f4854b673,14/04/23,1,,,,
06AHQPN9877P1ZY,D.S ENTERPRISES,invoiceDate,dd/dd/dddd,816,1583,1807,768,38782be8-d9e5-11ed-833c-7d4f4854b673,14/04/23,1,,,,
06AHQPN9877P1ZY,D.S ENTERPRISES,invoiceNumber,dddd,765,1583,1679,722,38782be8-d9e5-11ed-833c-7d4f4854b673,14/04/23,1,,,,
19AFMPR1355N1ZQ,D L SALES - KOLKATA,invoiceDate,dd/dd/dddd,579,1651,1854,539,3367deb4-d9e5-11ed-833c-7d4f4854b673,14/04/23,1,,,,
19AFMPR1355N1ZQ,D L SALES - KOLKATA,invoiceNumber,XXX/ddd,534,1650,1805,490,3367deb4-d9e5-11ed-833c-7d4f4854b673,14/04/23,1,,,,
19AFMPR1355N1ZQ,D L SALES - KOLKATA,invoiceDate,dd/dd/dddd,588,1650,1854,544,2db19dfc-d9e5-11ed-833c-7d4f4854b673,14/04/23,1,,,,
19AFMPR1355N1ZQ,D L SALES - KOLKATA,invoiceNumber,XXX/ddd,538,1650,1811,495,2db19dfc-d9e5-11ed-833c-7d4f4854b673,14/04/23,1,,,,
36AABCC6780D1ZR,CREAMLINE DAIRY PRODUCTS LTD,invoiceDate,dd/dd/dddd,642,3044,3206,612,285e16aa-d9e5-11ed-833c-7d4f4854b673,14/04/23,1,,,,
36AABCC6780D1ZR,CREAMLINE DAIRY PRODUCTS LTD,invoiceNumber,XXdddddddddd,645,2381,2610,612,285e16aa-d9e5-11ed-833c-7d4f4854b673,14/04/23,1,,,,
36AABCC6780D1ZR,CREAMLINE DAIRY PRODUCTS LTD,invoiceDate,dd/dd/dddd,930,2896,3039,900,21da32c8-d9e5-11ed-833c-7d4f4854b673,13/04/23,1,,,,
36AABCC6780D1ZR,CREAMLINE DAIRY PRODUCTS LTD,invoiceNumber,XXdddddddddd,931,2314,2517,900,21da32c8-d9e5-11ed-833c-7d4f4854b673,13/04/23,1,,,,
09AACCC7903P1Z7,CP MILK AND FOOD PRODUCTS PVT LTD,invoiceDate,dd/dd/dddd,479,2305,2447,449,1a3299d4-d9e5-11ed-833c-7d4f4854b673,14/04/23,1,,,,
09AACCC7903P1Z7,CP MILK AND FOOD PRODUCTS PVT LTD,invoiceNumber,dddddddddd,317,2308,2487,281,1a3299d4-d9e5-11ed-833c-7d4f4854b673,14/04/23,1,,,,
09AACCC7903P1Z7,CP MILK AND FOOD PRODUCTS PVT LTD,invoiceDate,dd/dd/dddd,518,2416,2557,491,0f97fd52-d9e5-11ed-833c-7d4f4854b673,14/04/23,1,,,,
09AACCC7903P1Z7,CP MILK AND FOOD PRODUCTS PVT LTD,invoiceNumber,dddddddddd,354,2425,2597,325,0f97fd52-d9e5-11ed-833c-7d4f4854b673,14/04/23,1,,,,
06AAGCC7335R1Z3,Coolberg Beverages Private Limited,invoiceDate,dd/dd/dddd,741,500,726,709,06a2838e-d9e5-11ed-833c-7d4f4854b673,14/04/23,1,,,,
06AAGCC7335R1Z3,Coolberg Beverages Private Limited,invoiceNumber,XXXX/ddddd/dd-dd,698,497,870,668,06a2838e-d9e5-11ed-833c-7d4f4854b673,14/04/23,1,,,,
06AAGCC7335R1Z3,Coolberg Beverages Private,invoiceDate,dd/dd/dddd,837,534,773,799,fcd78458-d9e4-11ed-833c-7d4f4854b673,14/04/23,1,,,,
06AAGCC7335R1Z3,Coolberg Beverages Private,invoiceNumber,XXXX/ddddd/dd-dd,803,531,921,757,fcd78458-d9e4-11ed-833c-7d4f4854b673,14/04/23,1,,,,
29AAHCC7701N1Z8,CONGRUENCE TRADE & SERVICES PRIVATE LIMITED,invoiceDate,dd/dd/dddd,777,1995,2120,751,89f28136-d9e4-11ed-833c-7d4f4854b673,14/04/23,1,,,,
29AAHCC7701N1Z8,CONGRUENCE TRADE & SERVICES PRIVATE LIMITED,invoiceNumber,dddd/dddd-dd,776,1691,1885,749,89f28136-d9e4-11ed-833c-7d4f4854b673,14/04/23,1,,,,
29AAHCC7701N1Z8,CONGRUENCE TRADE & SERVICES PRIVATE LIMITED,invoiceDate,dd/dd/dddd,733,1991,2118,707,82926474-d9e4-11ed-833c-7d4f4854b673,13/04/23,1,,,,
29AAHCC7701N1Z8,CONGRUENCE TRADE & SERVICES PRIVATE LIMITED,invoiceNumber,dddd/dddd-dd,733,1689,1882,707,82926474-d9e4-11ed-833c-7d4f4854b673,13/04/23,1,,,,
,,,,,,,,,,,,,,
06AAACC4309B1ZE,COLGATE PALMOLIVE INDIA LTD,invoiceNumber,dddddddddd,672,561,688,645,79337b3e-d9e4-11ed-833c-7d4f4854b673,14/04/23,1,,,,
06AAACC4309B1ZE,COLGATE PALMOLIVE INDIA LTD,invoiceDate,dd/dd/dddd,672,2128,2246,637,6d84a402-d9e4-11ed-833c-7d4f4854b673,14/04/23,1,,,,
06AAACC4309B1ZE,COLGATE PALMOLIVE INDIA LTD,invoiceNumber,dddddddddd,651.2479,573.0381,695.2005,625.0645,6d84a402-d9e4-11ed-833c-7d4f4854b673,14/04/23,1,,,,
08AJTPC3615R1ZL,CHOUDHARY TRADING HOUSE -01,invoiceDate,dd/dd/dddd,993,1737,1925,954,67e06f04-d9e4-11ed-833c-7d4f4854b673,13/04/23,1,,,,
08AJTPC3615R1ZL,CHOUDHARY TRADING HOUSE -01,invoiceNumber,XXXdddd,922,1734,1907,877,67e06f04-d9e4-11ed-833c-7d4f4854b673,13/04/23,1,,,,
08AJTPC3615R1ZL,CHOUDHARY TRADING HOUSE -01,invoiceDate,dd/dd/dddd,926,1822,2018,884,6202ee54-d9e4-11ed-833c-7d4f4854b673,13/04/23,1,,,,
08AJTPC3615R1ZL,CHOUDHARY TRADING HOUSE -01,invoiceNumber,XXXdddd,853,1818,2003,806,6202ee54-d9e4-11ed-833c-7d4f4854b673,13/04/23,1,,,,
27AHXPJ3680M1ZG,CHINTAMANI ENTERPRISES-01,invoiceDate,dd/dd/dddd,242,1547,1713,196,59e79e86-d9e4-11ed-833c-7d4f4854b673,14/04/23,1,,,,
27AHXPJ3680M1ZG,CHINTAMANI ENTERPRISES-01,invoiceNumber,dddd-dd/dddd,242,1095,1335,193,59e79e86-d9e4-11ed-833c-7d4f4854b673,14/04/23,1,,,,
27AHXPJ3680M1ZG,CHINTAMANI ENTERPRISES-01,invoiceDate,dd/dd/dddd,390,1699,1855,345,532ba682-d9e4-11ed-833c-7d4f4854b673,13/04/23,1,,,,
27AHXPJ3680M1ZG,CHINTAMANI ENTERPRISES-01,invoiceNumber,dddd-dd/dddd,393,1270,1497,351,532ba682-d9e4-11ed-833c-7d4f4854b673,13/04/23,1,,,,
29AAACB3754B1Z0,CAVINKARE PRIVATE LIMITED,invoiceDate,dd/dd/dddd,981,629,841,952,4722aa8e-d9e4-11ed-833c-7d4f4854b673,14/04/23,1,,,,
29AAACB3754B1Z0,CAVINKARE PRIVATE LIMITED,invoiceNumber,ddddddddd,939,629,819,907,4722aa8e-d9e4-11ed-833c-7d4f4854b673,14/04/23,1,,,,
29AAACB3754B1Z0,CAVINKARE PRIVATE LIMITED,invoiceDate,dd/dd/dddd,992,634,851,954,3cdb7ccc-d9e4-11ed-833c-7d4f4854b673,14/04/23,1,,,,
29AAACB3754B1Z0,CAVINKARE PRIVATE LIMITED,invoiceNumber,ddddddddd,947,633,829,908,3cdb7ccc-d9e4-11ed-833c-7d4f4854b673,14/04/23,1,,,,
29AABCB2006P1ZB,BRITANNIA,invoiceDate,dd/dd/dddd,311,2122,2269,284,82be793e-d9e3-11ed-833c-7d4f4854b673,14/04/23,1,,,,
29AABCB2006P1ZB,BRITANNIA,invoiceNumber,XXdddddddddd,344,2119,2322,315,82be793e-d9e3-11ed-833c-7d4f4854b673,14/04/23,1,,,,
,,,,,,,,,,,,,,
29AABCB2066P1ZB,BRITANNIA INDUSTRIES LIMITED (BISCUITS),invoiceNumber,XXdddddddddd,304,2133,2339,274,729987ba-d9e3-11ed-833c-7d4f4854b673,14/04/23,1,,,,
08AABCB5189P1Z5,NUTRIENTS,invoiceDate,dd/dd/dddd,405,1449,1615,366,6832a5ae-d9e3-11ed-833c-7d4f4854b673,14/04/23,1,,,,
08AABCB5189P1Z5,NUTRIENTS,invoiceNumber,XXdddddd,345,1447,1647,294,6832a5ae-d9e3-11ed-833c-7d4f4854b673,14/04/23,1,,,,
06AABCB5189P1Z5,BONN NUTRIENTS PVT LTD,invoiceDate,dd/dd/dddd,2206,1119,1270,2171,5feab8e6-d9e3-11ed-833c-7d4f4854b673,13/04/23,1,,,,
06AABCB5189P1Z5,BONN NUTRIENTS PVT LTD,invoiceNumber,XXdddddd,344,1499,1705,298,5feab8e6-d9e3-11ed-833c-7d4f4854b673,13/04/23,1,,,,
29ABFPV8245G1Z4,BLR-RIMOX MARKETING,invoiceDate,dd/dd/dddd,945,2040,2190,921,5a57f3a8-d9e3-11ed-833c-7d4f4854b673,14/04/23,1,,,,
29ABFPV8245G1Z4,BLR-RIMOX MARKETING,invoiceNumber,XXXdddd/dddd,945,1707,1944,921,5a57f3a8-d9e3-11ed-833c-7d4f4854b673,14/04/23,1,,,,
29ABFPV8245G1Z4,BLR-RIMOX MARKETING,invoiceDate,dd/dd/dddd,1130,1982,2131,1101,52bd044e-d9e3-11ed-833c-7d4f4854b673,14/04/23,1,,,,
29ABFPV8245G1Z4,BLR-RIMOX MARKETING,invoiceNumber,XXXXXXXdddd/dddd,1053,1589,1767,1027,52bd044e-d9e3-11ed-833c-7d4f4854b673,14/04/23,1,,,,
29AAACH2778K1Z5,BLR- HERITAGE FOODS LTD,invoiceDate,dd/dd/dddd,457,2118,2289,431,4e1a9e6a-d9e3-11ed-833c-7d4f4854b673,14/04/23,1,,,,
29AAACH2778K1Z5,BLR- HERITAGE FOODS LTD,invoiceNumber,dddddddddd,413,2120,2287,389,4e1a9e6a-d9e3-11ed-833c-7d4f4854b673,14/04/23,1,,,,
07AAICB7465K1Z7,BIO VEDA FARMACY PRIVATE LIMITED,invoiceDate,dd/dd/dddd,627,2233,2368,589,d7319628-d9e2-11ed-833c-7d4f4854b673,14/04/23,1,,,,
07AAICB7465K1Z7,BIO VEDA FARMACY PRIVATE LIMITED,invoiceNumber,XXX/dd-dd/dddddd,580,2132,2362,541,d7319628-d9e2-11ed-833c-7d4f4854b673,14/04/23,1,,,,
07AAICB7465K1Z7,BIO VEDA FARMACY PRIVATE LIMITED,invoiceDate,dd/dd/dddd,582.165,2245.752,2380.5504,545.955,c845b1a8-d9e2-11ed-833c-7d4f4854b673,14/04/23,1,,,,
07AAICB7465K1Z7,BIO VEDA FARMACY PRIVATE LIMITED,invoiceNumber,XXX/dd-dd/dddddd,537,2141,2378,495,c845b1a8-d9e2-11ed-833c-7d4f4854b673,14/04/23,1,,,,
29AATFN6730B1Z1,BENGALURU-NAKSHATRA AGENCIES,invoiceDate,dd/dd/dddd,694,751,874,663,bed6472c-d9e2-11ed-833c-7d4f4854b673,13/04/23,1,,,,
29AATFN6730B1Z1,BENGALURU-NAKSHATRA AGENCIES,invoiceNumber,XXX-ddd-dd-dd,656,750,974,618,bed6472c-d9e2-11ed-833c-7d4f4854b673,13/04/23,1,,,,
29AATFN6730B1Z1,BENGALURU-NAKSHATRA AGENCIES,invoiceDate,dd/dd/dddd,693,790,920,654,b8ef9b4c-d9e2-11ed-833c-7d4f4854b673,13/04/23,1,,,,
29AATFN6730B1Z1,BENGALURU-NAKSHATRA AGENCIES,invoiceNumber,XXX-ddd-dd-dd,649,788,1003,612,b8ef9b4c-d9e2-11ed-833c-7d4f4854b673,13/04/23,1,,,,
19AABCB5984E1ZI,BENGAL BEVERAGES PVT LTD-01,invoiceDate,dd/dd/dddd,512,1099,1298,477,b2e69098-d9e2-11ed-833c-7d4f4854b673,13/04/23,1,,,,
19AABCB5984E1ZI,BENGAL BEVERAGES PVT LTD-01,invoiceNumber,XXXXdddddd,509.03529999999995,421.98215999999996,636.6896,476.9179,b2e69098-d9e2-11ed-833c-7d4f4854b673,13/04/23,1,,,,
19AABCB5984E1ZI,BENGAL BEVERAGES PVT LTD-01,invoiceDate,dd/dd/dddd,514,1092,1291,480,a6b8ea00-d9e2-11ed-833c-7d4f4854b673,13/04/23,1,,,,
19AABCB5984E1ZI,BENGAL BEVERAGES PVT LTD-01,invoiceNumber,dddddddddd,1028,334,533,996,a6b8ea00-d9e2-11ed-833c-7d4f4854b673,13/04/23,1,,,,
06AAFCB1753M1ZL,Beejapuri Dairy Pvt. Ltd.,invoiceDate,dd/dd/dddd,410,1539,1648,388,9df889ac-d9e2-11ed-833c-7d4f4854b673,13/04/23,1,,,,
06AAFCB1753M1ZL,Beejapuri Dairy Pvt. Ltd.,invoiceNumber,dddddddd-ddd,414,1133,1285,390,9df889ac-d9e2-11ed-833c-7d4f4854b673,13/04/23,1,,,,
06AAFCB1753M1ZL,Dairy Pvt. Ltd.,invoiceDate,dd/dd/dddd,266,1604,1716,238,95495994-d9e2-11ed-833c-7d4f4854b673,13/04/23,1,,,,
06AAFCB1753M1ZL,Dairy Pvt. Ltd.,invoiceNumber,dddddddd-ddd,274,1188,1353,236,95495994-d9e2-11ed-833c-7d4f4854b673,13/04/23,1,,,,
,,,,,,,,,,,,,,
09AAJCB0934C1ZZ,BATTER CHATTER PRIVATE LIMITED,invoiceNumber,dd-dd/dddd,600,450,670,555,8f82cfae-d9e2-11ed-833c-7d4f4854b673,13/04/23,1,,,,
,,,,,,,,,,,,,,
09AAJCB0934C1ZZ,BATTER CHATTER PRIVATE LIMITED,invoiceNumber,dd-dd/dddd,619,441,659,578,88be1070-d9e2-11ed-833c-7d4f4854b673,13/04/23,1,,,,
09AKMPR8830K1ZC,BANWARI LAL ENTERPRISES - LKO,invoiceDate,dd/dd/dddd,801,1815,2014,757,7e635c16-d9e2-11ed-833c-7d4f4854b673,13/04/23,1,,,,
09AKMPR8830K1ZC,BANWARI LAL ENTERPRISES - LKO,invoiceNumber,dddd/dd-dd,797,1331,1525,757,7e635c16-d9e2-11ed-833c-7d4f4854b673,13/04/23,1,,,,
09AKMPR8830K1ZC,BANWARI LAL ENTERPRISES - LKO,invoiceDate,dd/dd/dddd,771,1814,2016,725,730f8bfa-d9e2-11ed-833c-7d4f4854b673,13/04/23,1,,,,
09AKMPR8830K1ZC,BANWARI LAL ENTERPRISES - LKO,invoiceNumber,dddd/dd-dd,774,1337,1526,731,730f8bfa-d9e2-11ed-833c-7d4f4854b673,13/04/23,1,,,,
06ADBPN2664B1ZZ,,invoiceDate,dd/dd/dddd,778,1392,1652,730,01508c4e-d9e2-11ed-833c-7d4f4854b673,13/04/23,1,,,,
06ADBPN2664B1ZZ,,invoiceNumber,Xddddd,646,1466,1657,601,01508c4e-d9e2-11ed-833c-7d4f4854b673,13/04/23,1,,,,
06ADBPN2664B1ZZ,,invoiceDate,dd/dd/dddd,639,1601,1895,596,fb89e418-d9e1-11ed-833c-7d4f4854b673,13/04/23,1,,,,
06ADBPN2664B1ZZ,,invoiceNumber,Xddddd,534,1688,1901,488,fb89e418-d9e1-11ed-833c-7d4f4854b673,13/04/23,1,,,,
07AABCB8144N1ZE,BAGRRYS INDIA PVT LTD,invoiceDate,dd/dd/dddd,396,1665,1843,359,f4a525ae-d9e1-11ed-833c-7d4f4854b673,13/04/23,1,,,,
07AABCB8144N1ZE,BAGRRYS INDIA PVT LTD,invoiceNumber,Xddddddddd,397,1099,1357,353,f4a525ae-d9e1-11ed-833c-7d4f4854b673,13/04/23,1,,,,
07AABCB8144N1ZE,BAGRRYS INDIA PVT LTD,invoiceDate,dd/dd/dddd,386,1674,1848,350,ee6ef804-d9e1-11ed-833c-7d4f4854b673,13/04/23,1,,,,
07AABCB8144N1ZE,BAGRRYS INDIA PVT LTD,invoiceNumber,Xddddddddd,388,1108,1360,352,ee6ef804-d9e1-11ed-833c-7d4f4854b673,13/04/23,1,,,,
,,,,,,,,,,,,,,
06AICPK7118H1ZF,ASHYAN ENTERPRISES,invoiceNumber,dddd-dd/dddd,839,333,567,793,e98b8a6e-d9e1-11ed-833c-7d4f4854b673,13/04/23,1,,,,
,,,,,,,,,,,,,,
06AICPK7118H1ZF,ASHYAN ENTERPRISES,invoiceNumber,dddd-dd/dddd,688,346,612,638,e4673ccc-d9e1-11ed-833c-7d4f4854b673,13/04/23,1,,,,
07FDAPS9364B2ZC,ARAVI HOME & KITCHEN STORE,invoiceDate,dd/dd/dddd,565,1780,1959,535,d11bc2a0-d9e1-11ed-833c-7d4f4854b673,13/04/23,1,,,,
07FDAPS9364B2ZC,ARAVI HOME & KITCHEN STORE,invoiceNumber,dddd-dd/dddd,330,1361,1553,289,d11bc2a0-d9e1-11ed-833c-7d4f4854b673,13/04/23,1,,,,
07FDAPS9364B2ZC,ARAVI HOME & KITCHEN STORE,invoiceDate,dd/dd/dddd,357,1796,1969,325,c92ab66e-d9e1-11ed-833c-7d4f4854b673,13/04/23,1,,,,
07FDAPS9364B2ZC,ARAVI HOME & KITCHEN STORE,invoiceNumber,dddd-dd/dddd,355.8738,1390.0404999999998,1609.6000000000001,326.895,c92ab66e-d9e1-11ed-833c-7d4f4854b673,13/04/23,1,,,,
29AAICA4264B1ZU,AKSHAYAKALPA FARMS AND FOODS PRIVATE LIMITED,invoiceDate,dd/dd/dddd,733,1978,2096,705,bbdf012c-d9e1-11ed-833c-7d4f4854b673,13/04/23,1,,,,
29AAICA4264B1ZU,AKSHAYAKALPA FARMS AND FOODS PRIVATE LIMITED,invoiceNumber,XX/ddddd/dd-dd,693,1976,2181,656,bbdf012c-d9e1-11ed-833c-7d4f4854b673,13/04/23,1,,,,
07AAECA0303M1Z1,AGRO TECH FOODS LIMITED,invoiceDate,dd/dd/dddd,433,2203,2360,399,2a2afb78-d9e1-11ed-833c-7d4f4854b673,13/04/23,1,,,,
07AAECA0303M1Z1,AGRO TECH FOODS LIMITED,invoiceNumber,XXddddXdd-dddddd,289,2100,2360,264,2a2afb78-d9e1-11ed-833c-7d4f4854b673,13/04/23,1,,,,
07AAECA0303M1Z1,AGRO TECH FOODS LIMITED,invoiceDate,dd/dd/dddd,421,2202,2369,379,20c1e5ec-d9e1-11ed-833c-7d4f4854b673,13/04/23,1,,,,
07AAECA0303M1Z1,AGRO TECH FOODS LIMITED,invoiceNumber,XXddddXdd-dddddd,272,2101,2370,242,20c1e5ec-d9e1-11ed-833c-7d4f4854b673,13/04/23,1,,,,
,,,,,,,,,,,,,,
27AABCA8056G1ZP,ADANI WILMAR LTD,invoiceNumber,dddddddddddd,451,1848,2056,415,05264788-d9e1-11ed-833c-7d4f4854b673,13/04/23,1,,,,
,,,,,,,,,,,,,,
27AABCA8056G1ZP,ADANI WILMAR LTD,invoiceNumber,dddddddddddd,480,1884,2091,444,fdc09c78-d9e0-11ed-833c-7d4f4854b673,13/04/23,1,,,,
,,,,,,,,,,,,,,
27AABCA8056G1ZP,ADANI WILMAR LTD,invoiceNumber,dddddddddddd,566,1932,2166,529,f54df8a6-d9e0-11ed-833c-7d4f4854b673,13/04/23,1,,,,
,,,,,,,,,,,,,,
27AABCA8056G1ZP,ADANI WILMAR LTD,invoiceNumber,dddddddddddd,548,1931,2162,512,e8bd5f96-d9e0-11ed-833c-7d4f4854b673,13/04/23,1,,,,
